source,target,type
2527625b-0752-48f3-95fd-c3f216686db8,a88735e6-b35c-4379-8ef7-bbd2b793ccf4,Undirected
13194c93-89c6-4ab4-aaf2-15db5d73b74e,2527625b-0752-48f3-95fd-c3f216686db8,Undirected
1111fd1f-7868-40a5-9dec-15dcd9b175a3,2527625b-0752-48f3-95fd-c3f216686db8,Undirected
2527625b-0752-48f3-95fd-c3f216686db8,31a6b752-291c-456f-ade5-f4b85545e6df,Undirected
2527625b-0752-48f3-95fd-c3f216686db8,a3fa6ee1-598d-4f06-a89d-ee2660eaeef3,Undirected
2527625b-0752-48f3-95fd-c3f216686db8,d48db0f4-fab6-4d18-bc1f-aec43772af96,Undirected
2527625b-0752-48f3-95fd-c3f216686db8,4988f79d-2945-471d-b238-79f04949ed34,Undirected
2527625b-0752-48f3-95fd-c3f216686db8,35143c2f-0484-44e2-bf27-7baa7ca5e135,Undirected
0d114321-6f8f-4ddc-ad3c-9896d16afc27,2527625b-0752-48f3-95fd-c3f216686db8,Undirected
2527625b-0752-48f3-95fd-c3f216686db8,37cb370f-e715-4278-823f-c5555891e35a,Undirected
379f760d-1f29-4317-ab04-06a8218a874d,a88735e6-b35c-4379-8ef7-bbd2b793ccf4,Undirected
17e5415a-4448-48b7-a8aa-93f1f7bf5af2,a88735e6-b35c-4379-8ef7-bbd2b793ccf4,Undirected
33da1c5c-e177-4e70-ab30-58061a300121,a88735e6-b35c-4379-8ef7-bbd2b793ccf4,Undirected
13359cbb-e3b2-4d01-886c-085173f45471,a88735e6-b35c-4379-8ef7-bbd2b793ccf4,Undirected
1f41baad-817c-4e8d-81ea-9baae2589678,a88735e6-b35c-4379-8ef7-bbd2b793ccf4,Undirected
a88735e6-b35c-4379-8ef7-bbd2b793ccf4,d48db0f4-fab6-4d18-bc1f-aec43772af96,Undirected
35966105-5196-460a-b58f-865c3f3d36b8,a88735e6-b35c-4379-8ef7-bbd2b793ccf4,Undirected
020a3ff4-7fcf-4bc8-b00d-338a290deb8d,a88735e6-b35c-4379-8ef7-bbd2b793ccf4,Undirected
5fa29b31-c159-43f4-83a3-5862f6e45dc6,a88735e6-b35c-4379-8ef7-bbd2b793ccf4,Undirected
13359cbb-e3b2-4d01-886c-085173f45471,bcd3a77c-64a6-4c03-967b-92a0f6880c44,Undirected
a3fa6ee1-598d-4f06-a89d-ee2660eaeef3,bcd3a77c-64a6-4c03-967b-92a0f6880c44,Undirected
31a6b752-291c-456f-ade5-f4b85545e6df,bcd3a77c-64a6-4c03-967b-92a0f6880c44,Undirected
bcd3a77c-64a6-4c03-967b-92a0f6880c44,d452127a-e5ed-4b58-97db-54a2426b7e45,Undirected
aeff81b2-6e5c-4d1e-943f-e07b9a8cc29e,bcd3a77c-64a6-4c03-967b-92a0f6880c44,Undirected
7d9f69b7-81e7-4b42-ac24-ee58028740c8,bcd3a77c-64a6-4c03-967b-92a0f6880c44,Undirected
00b0f9ec-6bff-449e-98ea-50ac5129f215,bcd3a77c-64a6-4c03-967b-92a0f6880c44,Undirected
13194c93-89c6-4ab4-aaf2-15db5d73b74e,bcd3a77c-64a6-4c03-967b-92a0f6880c44,Undirected
575d4e21-9d41-43e3-a001-1df583de26fa,bcd3a77c-64a6-4c03-967b-92a0f6880c44,Undirected
31a6b752-291c-456f-ade5-f4b85545e6df,d452127a-e5ed-4b58-97db-54a2426b7e45,Undirected
31a6b752-291c-456f-ade5-f4b85545e6df,82822f34-826d-4316-a8f0-d48a96067009,Undirected
31a6b752-291c-456f-ade5-f4b85545e6df,4988f79d-2945-471d-b238-79f04949ed34,Undirected
31a6b752-291c-456f-ade5-f4b85545e6df,aeff81b2-6e5c-4d1e-943f-e07b9a8cc29e,Undirected
020a3ff4-7fcf-4bc8-b00d-338a290deb8d,31a6b752-291c-456f-ade5-f4b85545e6df,Undirected
26918716-9365-4f4a-991f-241ffc350628,31a6b752-291c-456f-ade5-f4b85545e6df,Undirected
31a6b752-291c-456f-ade5-f4b85545e6df,7d9f69b7-81e7-4b42-ac24-ee58028740c8,Undirected
31a6b752-291c-456f-ade5-f4b85545e6df,35143c2f-0484-44e2-bf27-7baa7ca5e135,Undirected
1111fd1f-7868-40a5-9dec-15dcd9b175a3,1f41baad-817c-4e8d-81ea-9baae2589678,Undirected
1111fd1f-7868-40a5-9dec-15dcd9b175a3,1757d48d-1979-4e2d-a373-24405c5431c3,Undirected
1111fd1f-7868-40a5-9dec-15dcd9b175a3,aeff81b2-6e5c-4d1e-943f-e07b9a8cc29e,Undirected
1111fd1f-7868-40a5-9dec-15dcd9b175a3,f90fa723-9d8f-4260-9e03-34778e0ea7d1,Undirected
1111fd1f-7868-40a5-9dec-15dcd9b175a3,4988f79d-2945-471d-b238-79f04949ed34,Undirected
1111fd1f-7868-40a5-9dec-15dcd9b175a3,bcd3a77c-64a6-4c03-967b-92a0f6880c44,Undirected
1111fd1f-7868-40a5-9dec-15dcd9b175a3,307e8e3a-1910-4ccd-a25e-38f14ff750cf,Undirected
1111fd1f-7868-40a5-9dec-15dcd9b175a3,35143c2f-0484-44e2-bf27-7baa7ca5e135,Undirected
1111fd1f-7868-40a5-9dec-15dcd9b175a3,7d9f69b7-81e7-4b42-ac24-ee58028740c8,Undirected
4988f79d-2945-471d-b238-79f04949ed34,9040f037-eeb5-4b07-8ff2-2e04c707eff7,Undirected
1ba71ace-1957-4f6c-a8eb-82834418cb76,4988f79d-2945-471d-b238-79f04949ed34,Undirected
4988f79d-2945-471d-b238-79f04949ed34,dd0e6c05-2af1-4d8a-9262-2d227e25497d,Undirected
35143c2f-0484-44e2-bf27-7baa7ca5e135,4988f79d-2945-471d-b238-79f04949ed34,Undirected
4988f79d-2945-471d-b238-79f04949ed34,d452127a-e5ed-4b58-97db-54a2426b7e45,Undirected
0c9d85d2-0666-4471-9842-d5a346523f73,4988f79d-2945-471d-b238-79f04949ed34,Undirected
4988f79d-2945-471d-b238-79f04949ed34,617dfc80-eb78-4f54-bdc2-39412dacd7b3,Undirected
17410183-d250-49c9-8be1-04d26fa4c71d,4988f79d-2945-471d-b238-79f04949ed34,Undirected
020a3ff4-7fcf-4bc8-b00d-338a290deb8d,4988f79d-2945-471d-b238-79f04949ed34,Undirected
4988f79d-2945-471d-b238-79f04949ed34,7d9f69b7-81e7-4b42-ac24-ee58028740c8,Undirected
bb9401f9-41b1-4a5d-9b8c-b2ae039c09fe,d48db0f4-fab6-4d18-bc1f-aec43772af96,Undirected
bbc597dd-dc54-4187-ab2e-9a72f046f0fd,d48db0f4-fab6-4d18-bc1f-aec43772af96,Undirected
d48db0f4-fab6-4d18-bc1f-aec43772af96,e3ef4615-2dd3-4323-8ce8-1ac2de21d8c9,Undirected
a3fa6ee1-598d-4f06-a89d-ee2660eaeef3,d48db0f4-fab6-4d18-bc1f-aec43772af96,Undirected
03659fc1-e2b6-407c-8f90-8854fbfe82c7,d48db0f4-fab6-4d18-bc1f-aec43772af96,Undirected
13194c93-89c6-4ab4-aaf2-15db5d73b74e,d48db0f4-fab6-4d18-bc1f-aec43772af96,Undirected
35143c2f-0484-44e2-bf27-7baa7ca5e135,d48db0f4-fab6-4d18-bc1f-aec43772af96,Undirected
216b0d95-63eb-4b85-b229-386c81d2434c,d48db0f4-fab6-4d18-bc1f-aec43772af96,Undirected
2a3e8a48-e484-4f7b-83c7-c221b45c1d76,d48db0f4-fab6-4d18-bc1f-aec43772af96,Undirected
020a3ff4-7fcf-4bc8-b00d-338a290deb8d,26918716-9365-4f4a-991f-241ffc350628,Undirected
020a3ff4-7fcf-4bc8-b00d-338a290deb8d,da40ede7-cacb-40ca-8873-fe8bb7eba844,Undirected
020a3ff4-7fcf-4bc8-b00d-338a290deb8d,35143c2f-0484-44e2-bf27-7baa7ca5e135,Undirected
020a3ff4-7fcf-4bc8-b00d-338a290deb8d,617dfc80-eb78-4f54-bdc2-39412dacd7b3,Undirected
020a3ff4-7fcf-4bc8-b00d-338a290deb8d,380ea711-6165-4cef-9cef-d5c6a3ecd947,Undirected
020a3ff4-7fcf-4bc8-b00d-338a290deb8d,0ddf2623-3285-48b7-b9a1-f6b1ed01ee65,Undirected
020a3ff4-7fcf-4bc8-b00d-338a290deb8d,092209df-3c10-44ce-b341-c01476399277,Undirected
020a3ff4-7fcf-4bc8-b00d-338a290deb8d,2bdc4a1e-2ac9-4984-9300-5e1d95430795,Undirected
020a3ff4-7fcf-4bc8-b00d-338a290deb8d,dd0e6c05-2af1-4d8a-9262-2d227e25497d,Undirected
0118d2c3-ec15-470e-b22d-4ae0134bd46e,fbe1d07d-e1de-4163-83bc-8ad80dce65bc,Undirected
0118d2c3-ec15-470e-b22d-4ae0134bd46e,4c0f35d4-b53c-4334-b973-43ac9299e6b0,Undirected
0118d2c3-ec15-470e-b22d-4ae0134bd46e,0ec4e51b-a944-4a85-be1b-7e49f52a360a,Undirected
0118d2c3-ec15-470e-b22d-4ae0134bd46e,15d5edc1-3a20-4b2c-912b-e69dd8f6355d,Undirected
0118d2c3-ec15-470e-b22d-4ae0134bd46e,e014c0d8-ef43-4a74-bb8b-ee5b0e67749d,Undirected
0118d2c3-ec15-470e-b22d-4ae0134bd46e,669e67a1-d4b0-4a0f-8b71-57720545a4f6,Undirected
0118d2c3-ec15-470e-b22d-4ae0134bd46e,87ce19f2-ba05-4f49-adf7-064f768c8728,Undirected
0118d2c3-ec15-470e-b22d-4ae0134bd46e,208e92ab-42f0-44b3-8c03-5872944ce891,Undirected
0118d2c3-ec15-470e-b22d-4ae0134bd46e,5d39d102-e948-4bef-85ef-705b81262092,Undirected
0118d2c3-ec15-470e-b22d-4ae0134bd46e,55fb2435-c45d-4c86-bd7f-5a9d2140a30f,Undirected
102519c2-d076-4aee-8189-c44b32e62da7,35143c2f-0484-44e2-bf27-7baa7ca5e135,Undirected
0d286b5c-1745-4606-8e27-a7ad851a68bb,35143c2f-0484-44e2-bf27-7baa7ca5e135,Undirected
35143c2f-0484-44e2-bf27-7baa7ca5e135,f90fa723-9d8f-4260-9e03-34778e0ea7d1,Undirected
35143c2f-0484-44e2-bf27-7baa7ca5e135,617dfc80-eb78-4f54-bdc2-39412dacd7b3,Undirected
35143c2f-0484-44e2-bf27-7baa7ca5e135,8587d745-92a6-4882-b3c3-0f7308ac627a,Undirected
1fe9cded-3b48-48d4-bfc4-b07c269c63a1,35143c2f-0484-44e2-bf27-7baa7ca5e135,Undirected
092209df-3c10-44ce-b341-c01476399277,35143c2f-0484-44e2-bf27-7baa7ca5e135,Undirected
2bdc4a1e-2ac9-4984-9300-5e1d95430795,35143c2f-0484-44e2-bf27-7baa7ca5e135,Undirected
0e3fd2b1-f79c-439f-9da1-a605032c2dce,b5e893c6-6c1d-452f-a6c5-4b40354d41bd,Undirected
35143c2f-0484-44e2-bf27-7baa7ca5e135,b5e893c6-6c1d-452f-a6c5-4b40354d41bd,Undirected
001cfaaf-373a-48f7-8e5b-298662d97d76,b5e893c6-6c1d-452f-a6c5-4b40354d41bd,Undirected
a6ed5358-6ad7-422e-9be6-dbc49a02586c,b5e893c6-6c1d-452f-a6c5-4b40354d41bd,Undirected
1e9fa7a6-e5d8-4df8-be79-c5978d37f55a,b5e893c6-6c1d-452f-a6c5-4b40354d41bd,Undirected
25fc2052-d6ea-4cca-a018-5172d22edd03,b5e893c6-6c1d-452f-a6c5-4b40354d41bd,Undirected
1599ed89-3ecd-44b2-ba42-0765b78beeb8,b5e893c6-6c1d-452f-a6c5-4b40354d41bd,Undirected
b5e893c6-6c1d-452f-a6c5-4b40354d41bd,dd0e6c05-2af1-4d8a-9262-2d227e25497d,Undirected
5b5dda5d-7782-4ab2-8f49-cdbd98ecfc52,7a0bce9a-11c7-49cd-807c-a5c406fa8265,Undirected
5b5dda5d-7782-4ab2-8f49-cdbd98ecfc52,b9bcf11e-c624-44b9-9fb5-a9d61c566ad4,Undirected
5b5dda5d-7782-4ab2-8f49-cdbd98ecfc52,6e470608-1cf4-4d48-8b2b-4d1b5ad68778,Undirected
5b5dda5d-7782-4ab2-8f49-cdbd98ecfc52,710f21dc-4237-4459-90fd-b117a71d347f,Undirected
5b5dda5d-7782-4ab2-8f49-cdbd98ecfc52,f43ef43d-b2ca-46a5-83ed-8efadefc3532,Undirected
0d6b001d-48c7-42f1-b617-ae0e3781eaa5,5b5dda5d-7782-4ab2-8f49-cdbd98ecfc52,Undirected
01ea95f9-0747-466e-a0ee-637826e2e96d,5b5dda5d-7782-4ab2-8f49-cdbd98ecfc52,Undirected
5b5dda5d-7782-4ab2-8f49-cdbd98ecfc52,e5cab197-1faf-4b36-a4b6-3ef8f7324e92,Undirected
286070ac-553b-4af9-91fe-5d88a4d20b75,5b5dda5d-7782-4ab2-8f49-cdbd98ecfc52,Undirected
4177446c-1494-4e7e-b410-5572c5241bd9,5b5dda5d-7782-4ab2-8f49-cdbd98ecfc52,Undirected
17410183-d250-49c9-8be1-04d26fa4c71d,5e20c9ed-4d14-46c6-b30b-8076c4f0e678,Undirected
17410183-d250-49c9-8be1-04d26fa4c71d,35143c2f-0484-44e2-bf27-7baa7ca5e135,Undirected
17410183-d250-49c9-8be1-04d26fa4c71d,617dfc80-eb78-4f54-bdc2-39412dacd7b3,Undirected
17410183-d250-49c9-8be1-04d26fa4c71d,dd0e6c05-2af1-4d8a-9262-2d227e25497d,Undirected
020a3ff4-7fcf-4bc8-b00d-338a290deb8d,17410183-d250-49c9-8be1-04d26fa4c71d,Undirected
17410183-d250-49c9-8be1-04d26fa4c71d,f90fa723-9d8f-4260-9e03-34778e0ea7d1,Undirected
0c9d85d2-0666-4471-9842-d5a346523f73,17410183-d250-49c9-8be1-04d26fa4c71d,Undirected
17410183-d250-49c9-8be1-04d26fa4c71d,8587d745-92a6-4882-b3c3-0f7308ac627a,Undirected
3cc3806c-c2bb-41d7-9319-981fabca3399,d856575c-03e9-4261-a2de-1d174d225e49,Undirected
3cc3806c-c2bb-41d7-9319-981fabca3399,434db322-10b4-467a-897b-807c75ccb562,Undirected
2a3e8a48-e484-4f7b-83c7-c221b45c1d76,3cc3806c-c2bb-41d7-9319-981fabca3399,Undirected
35143c2f-0484-44e2-bf27-7baa7ca5e135,3cc3806c-c2bb-41d7-9319-981fabca3399,Undirected
31990f0e-a62b-4577-ae31-21af514a5da0,3cc3806c-c2bb-41d7-9319-981fabca3399,Undirected
3cc3806c-c2bb-41d7-9319-981fabca3399,7d9f69b7-81e7-4b42-ac24-ee58028740c8,Undirected
0c9d85d2-0666-4471-9842-d5a346523f73,3cc3806c-c2bb-41d7-9319-981fabca3399,Undirected
3cc3806c-c2bb-41d7-9319-981fabca3399,575d4e21-9d41-43e3-a001-1df583de26fa,Undirected
434db322-10b4-467a-897b-807c75ccb562,aeff81b2-6e5c-4d1e-943f-e07b9a8cc29e,Undirected
14160cfc-1b6b-4d4a-a71f-f95b27e9c61d,aeff81b2-6e5c-4d1e-943f-e07b9a8cc29e,Undirected
7d9f69b7-81e7-4b42-ac24-ee58028740c8,aeff81b2-6e5c-4d1e-943f-e07b9a8cc29e,Undirected
35143c2f-0484-44e2-bf27-7baa7ca5e135,aeff81b2-6e5c-4d1e-943f-e07b9a8cc29e,Undirected
020a3ff4-7fcf-4bc8-b00d-338a290deb8d,aeff81b2-6e5c-4d1e-943f-e07b9a8cc29e,Undirected
aeff81b2-6e5c-4d1e-943f-e07b9a8cc29e,dd0e6c05-2af1-4d8a-9262-2d227e25497d,Undirected
aeff81b2-6e5c-4d1e-943f-e07b9a8cc29e,b5e893c6-6c1d-452f-a6c5-4b40354d41bd,Undirected
0c9d85d2-0666-4471-9842-d5a346523f73,aeff81b2-6e5c-4d1e-943f-e07b9a8cc29e,Undirected
0d6b001d-48c7-42f1-b617-ae0e3781eaa5,de9a5376-a45b-4255-8e82-031ce6728e87,Undirected
0d6b001d-48c7-42f1-b617-ae0e3781eaa5,2ff57d87-e97e-4c98-949c-ad44eaf04c3a,Undirected
0d6b001d-48c7-42f1-b617-ae0e3781eaa5,aeff81b2-6e5c-4d1e-943f-e07b9a8cc29e,Undirected
0d6b001d-48c7-42f1-b617-ae0e3781eaa5,3cc3806c-c2bb-41d7-9319-981fabca3399,Undirected
0d6b001d-48c7-42f1-b617-ae0e3781eaa5,2a3e8a48-e484-4f7b-83c7-c221b45c1d76,Undirected
07a16134-927e-49b5-a0fc-0e751a6824dc,0d6b001d-48c7-42f1-b617-ae0e3781eaa5,Undirected
0d6b001d-48c7-42f1-b617-ae0e3781eaa5,d72332d5-f78d-465f-aa5a-b54f7fe70c28,Undirected
0d6b001d-48c7-42f1-b617-ae0e3781eaa5,8a3b2b5e-af88-4ae7-9a59-7f3d0f84ffaa,Undirected
0d6b001d-48c7-42f1-b617-ae0e3781eaa5,539167ba-a704-4908-b25c-d07918294598,Undirected
5fa29b31-c159-43f4-83a3-5862f6e45dc6,7d9f69b7-81e7-4b42-ac24-ee58028740c8,Undirected
184cc1e2-debf-43bb-9d50-5c058e5d22ee,7d9f69b7-81e7-4b42-ac24-ee58028740c8,Undirected
617dfc80-eb78-4f54-bdc2-39412dacd7b3,7d9f69b7-81e7-4b42-ac24-ee58028740c8,Undirected
7d9f69b7-81e7-4b42-ac24-ee58028740c8,dd0e6c05-2af1-4d8a-9262-2d227e25497d,Undirected
35143c2f-0484-44e2-bf27-7baa7ca5e135,7d9f69b7-81e7-4b42-ac24-ee58028740c8,Undirected
020a3ff4-7fcf-4bc8-b00d-338a290deb8d,7d9f69b7-81e7-4b42-ac24-ee58028740c8,Undirected
307e8e3a-1910-4ccd-a25e-38f14ff750cf,7d9f69b7-81e7-4b42-ac24-ee58028740c8,Undirected
7d9f69b7-81e7-4b42-ac24-ee58028740c8,89268d32-efd6-44c4-88e5-ba4c4db55103,Undirected
6833643a-b2cd-4685-bc0f-e4d713750bf7,7d9f69b7-81e7-4b42-ac24-ee58028740c8,Undirected
8bf43939-e0a4-4de5-ac45-7482e1ffd6d1,de9a5376-a45b-4255-8e82-031ce6728e87,Undirected
219ab499-9531-4d94-b60e-62e2dcb80d8d,de9a5376-a45b-4255-8e82-031ce6728e87,Undirected
de9a5376-a45b-4255-8e82-031ce6728e87,f62b6ad9-c0b1-42e5-bc8b-83be67d66789,Undirected
0836ad5c-0cd8-4928-aefa-2175a5909c89,de9a5376-a45b-4255-8e82-031ce6728e87,Undirected
13d21923-f9da-4015-bb75-29839cd2b2a4,de9a5376-a45b-4255-8e82-031ce6728e87,Undirected
bb9401f9-41b1-4a5d-9b8c-b2ae039c09fe,de9a5376-a45b-4255-8e82-031ce6728e87,Undirected
aa40227e-c877-408d-b0b7-8e0a48db687b,de9a5376-a45b-4255-8e82-031ce6728e87,Undirected
3cc3806c-c2bb-41d7-9319-981fabca3399,de9a5376-a45b-4255-8e82-031ce6728e87,Undirected
16a45c0e-9bb9-4161-8d03-45dc3ffdb459,de9a5376-a45b-4255-8e82-031ce6728e87,Undirected
2a3e8a48-e484-4f7b-83c7-c221b45c1d76,de9a5376-a45b-4255-8e82-031ce6728e87,Undirected
60535489-7d75-4686-a578-a42ca0cd1e49,710f21dc-4237-4459-90fd-b117a71d347f,Undirected
56bf2435-46b8-4641-92bf-4fa25d6f325c,710f21dc-4237-4459-90fd-b117a71d347f,Undirected
01ea95f9-0747-466e-a0ee-637826e2e96d,710f21dc-4237-4459-90fd-b117a71d347f,Undirected
710f21dc-4237-4459-90fd-b117a71d347f,f43ef43d-b2ca-46a5-83ed-8efadefc3532,Undirected
17034ccb-6f4f-4443-b5aa-7eb38913629e,710f21dc-4237-4459-90fd-b117a71d347f,Undirected
37802ece-2b2a-4042-a0a6-1b882be6cf7a,710f21dc-4237-4459-90fd-b117a71d347f,Undirected
4177446c-1494-4e7e-b410-5572c5241bd9,710f21dc-4237-4459-90fd-b117a71d347f,Undirected
286070ac-553b-4af9-91fe-5d88a4d20b75,710f21dc-4237-4459-90fd-b117a71d347f,Undirected
710f21dc-4237-4459-90fd-b117a71d347f,752d46d5-236d-4d49-8aa0-b6d5bc8fe796,Undirected
bb9401f9-41b1-4a5d-9b8c-b2ae039c09fe,bbc597dd-dc54-4187-ab2e-9a72f046f0fd,Undirected
bb9401f9-41b1-4a5d-9b8c-b2ae039c09fe,fbcb1038-6ae1-4f35-be9a-633def93da6d,Undirected
2a3e8a48-e484-4f7b-83c7-c221b45c1d76,bb9401f9-41b1-4a5d-9b8c-b2ae039c09fe,Undirected
18f6362f-3d3c-47f3-8999-037b46e58105,bb9401f9-41b1-4a5d-9b8c-b2ae039c09fe,Undirected
8a3b2b5e-af88-4ae7-9a59-7f3d0f84ffaa,bb9401f9-41b1-4a5d-9b8c-b2ae039c09fe,Undirected
19bd8204-61a0-4a53-9d49-6673f293da17,bb9401f9-41b1-4a5d-9b8c-b2ae039c09fe,Undirected
1c644d50-a251-4b14-aa5a-09eb0501083b,bb9401f9-41b1-4a5d-9b8c-b2ae039c09fe,Undirected
56bf2435-46b8-4641-92bf-4fa25d6f325c,60535489-7d75-4686-a578-a42ca0cd1e49,Undirected
60535489-7d75-4686-a578-a42ca0cd1e49,f43ef43d-b2ca-46a5-83ed-8efadefc3532,Undirected
5b5dda5d-7782-4ab2-8f49-cdbd98ecfc52,60535489-7d75-4686-a578-a42ca0cd1e49,Undirected
60535489-7d75-4686-a578-a42ca0cd1e49,9b4f6852-c5d8-4274-9011-5dec7f1076bd,Undirected
286070ac-553b-4af9-91fe-5d88a4d20b75,60535489-7d75-4686-a578-a42ca0cd1e49,Undirected
01ea95f9-0747-466e-a0ee-637826e2e96d,60535489-7d75-4686-a578-a42ca0cd1e49,Undirected
37802ece-2b2a-4042-a0a6-1b882be6cf7a,60535489-7d75-4686-a578-a42ca0cd1e49,Undirected
60535489-7d75-4686-a578-a42ca0cd1e49,865a1edc-75b7-429a-aac2-30522fae80eb,Undirected
4177446c-1494-4e7e-b410-5572c5241bd9,60535489-7d75-4686-a578-a42ca0cd1e49,Undirected
25fc2052-d6ea-4cca-a018-5172d22edd03,a6ed5358-6ad7-422e-9be6-dbc49a02586c,Undirected
22ae2174-d74b-465d-a7b0-427a41ecedcc,25fc2052-d6ea-4cca-a018-5172d22edd03,Undirected
25fc2052-d6ea-4cca-a018-5172d22edd03,35143c2f-0484-44e2-bf27-7baa7ca5e135,Undirected
020a3ff4-7fcf-4bc8-b00d-338a290deb8d,25fc2052-d6ea-4cca-a018-5172d22edd03,Undirected
1b1dff88-dc02-4ddb-93f0-9974b8e377d7,25fc2052-d6ea-4cca-a018-5172d22edd03,Undirected
001cfaaf-373a-48f7-8e5b-298662d97d76,25fc2052-d6ea-4cca-a018-5172d22edd03,Undirected
17032413-f6ce-41d2-a05b-2ad888962424,25fc2052-d6ea-4cca-a018-5172d22edd03,Undirected
0c9d85d2-0666-4471-9842-d5a346523f73,25fc2052-d6ea-4cca-a018-5172d22edd03,Undirected
25fc2052-d6ea-4cca-a018-5172d22edd03,dd0e6c05-2af1-4d8a-9262-2d227e25497d,Undirected
128fcda8-d61d-4932-be2b-56c8e37b45d4,b68f5d07-5a02-4e43-b880-3a444a3b5561,Undirected
128fcda8-d61d-4932-be2b-56c8e37b45d4,f430ab5e-3581-4b9c-995c-21f5044647a9,Undirected
038c4d4a-f5c1-47db-90c7-35b13514773a,128fcda8-d61d-4932-be2b-56c8e37b45d4,Undirected
128fcda8-d61d-4932-be2b-56c8e37b45d4,a8eddc06-8d0b-4856-9ea8-4ce6cb21facb,Undirected
128fcda8-d61d-4932-be2b-56c8e37b45d4,392567e3-c5a4-4d94-8f6c-a6a2551ded3e,Undirected
128fcda8-d61d-4932-be2b-56c8e37b45d4,33a072ee-541f-479d-b240-233635c736a1,Undirected
128fcda8-d61d-4932-be2b-56c8e37b45d4,f18215bb-965a-4fae-a578-165ee0a948e7,Undirected
128fcda8-d61d-4932-be2b-56c8e37b45d4,b36599ea-2316-47f4-92b6-6053eccefd8d,Undirected
0e5cff19-87c0-478b-a7a4-db6550ec3799,128fcda8-d61d-4932-be2b-56c8e37b45d4,Undirected
128fcda8-d61d-4932-be2b-56c8e37b45d4,df876ae8-3e46-48dd-aa7d-ae7feeba126a,Undirected
24f0414a-fb48-41ba-a32d-f8a498c6bb59,44e38b7b-11b1-4ada-82e2-6583c947aa34,Undirected
44e38b7b-11b1-4ada-82e2-6583c947aa34,6cbd2e2b-c869-43f2-93b3-1d3deb513196,Undirected
44e38b7b-11b1-4ada-82e2-6583c947aa34,bcd3a77c-64a6-4c03-967b-92a0f6880c44,Undirected
13359cbb-e3b2-4d01-886c-085173f45471,44e38b7b-11b1-4ada-82e2-6583c947aa34,Undirected
44e38b7b-11b1-4ada-82e2-6583c947aa34,c7677cc2-9d61-4b8e-bfa4-43472f94acd5,Undirected
05800de6-c330-481c-9655-614f594d2ad1,44e38b7b-11b1-4ada-82e2-6583c947aa34,Undirected
31a6b752-291c-456f-ade5-f4b85545e6df,44e38b7b-11b1-4ada-82e2-6583c947aa34,Undirected
0d114321-6f8f-4ddc-ad3c-9896d16afc27,44e38b7b-11b1-4ada-82e2-6583c947aa34,Undirected
44e38b7b-11b1-4ada-82e2-6583c947aa34,d452127a-e5ed-4b58-97db-54a2426b7e45,Undirected
44e38b7b-11b1-4ada-82e2-6583c947aa34,a65906cf-f469-410f-978b-bd532eaf21d6,Undirected
03659fc1-e2b6-407c-8f90-8854fbfe82c7,7265976c-b461-4644-b84f-246f43a37db9,Undirected
03659fc1-e2b6-407c-8f90-8854fbfe82c7,4214801b-ff63-445a-b1ea-5e640c6a7cda,Undirected
03659fc1-e2b6-407c-8f90-8854fbfe82c7,6e4c8548-b7e4-4811-8720-abf576956ef8,Undirected
03659fc1-e2b6-407c-8f90-8854fbfe82c7,091d16b3-1326-4420-9e45-f8e196764eca,Undirected
03659fc1-e2b6-407c-8f90-8854fbfe82c7,ced408d9-b686-4aac-89f4-1e778cab0b48,Undirected
03659fc1-e2b6-407c-8f90-8854fbfe82c7,f126ae7d-bfa3-4e07-a65f-5cadbf877088,Undirected
03659fc1-e2b6-407c-8f90-8854fbfe82c7,bb9401f9-41b1-4a5d-9b8c-b2ae039c09fe,Undirected
03659fc1-e2b6-407c-8f90-8854fbfe82c7,5f8bb72f-6745-4a0e-8122-2d72fa5a392b,Undirected
03659fc1-e2b6-407c-8f90-8854fbfe82c7,9f00b0fb-2fa2-4712-84a2-c8a80ed6ed61,Undirected
0c9d85d2-0666-4471-9842-d5a346523f73,35143c2f-0484-44e2-bf27-7baa7ca5e135,Undirected
0c9d85d2-0666-4471-9842-d5a346523f73,0d286b5c-1745-4606-8e27-a7ad851a68bb,Undirected
0c9d85d2-0666-4471-9842-d5a346523f73,575d4e21-9d41-43e3-a001-1df583de26fa,Undirected
0c9d85d2-0666-4471-9842-d5a346523f73,f489007e-8e10-4f46-bae4-d8249523fdae,Undirected
0c9d85d2-0666-4471-9842-d5a346523f73,f90fa723-9d8f-4260-9e03-34778e0ea7d1,Undirected
0c9d85d2-0666-4471-9842-d5a346523f73,8587d745-92a6-4882-b3c3-0f7308ac627a,Undirected
0c9d85d2-0666-4471-9842-d5a346523f73,fe872d20-f73b-47f0-9c26-cc080e994582,Undirected
0c9d85d2-0666-4471-9842-d5a346523f73,4fb07e4c-8a52-40e6-9529-bfb0af1e0643,Undirected
3e5da524-7dc7-44b9-abbb-c1a0cad3a496,a837a6a6-e5b9-481f-b23f-95038f005020,Undirected
3e5da524-7dc7-44b9-abbb-c1a0cad3a496,c0cb14be-fe7c-4a59-b684-31e6a670d0fd,Undirected
1e9fa7a6-e5d8-4df8-be79-c5978d37f55a,3e5da524-7dc7-44b9-abbb-c1a0cad3a496,Undirected
10b761bb-340d-4b44-8a53-d8851b28940a,3e5da524-7dc7-44b9-abbb-c1a0cad3a496,Undirected
202e1f87-172f-4bb0-bbee-06b18f125c92,3e5da524-7dc7-44b9-abbb-c1a0cad3a496,Undirected
0c9d85d2-0666-4471-9842-d5a346523f73,3e5da524-7dc7-44b9-abbb-c1a0cad3a496,Undirected
19233a62-c1d3-4af7-82ba-d2382d7e69f1,3e5da524-7dc7-44b9-abbb-c1a0cad3a496,Undirected
3e5da524-7dc7-44b9-abbb-c1a0cad3a496,ab8f4b6f-8ed7-4ee0-9fab-29611a8d49ac,Undirected
3e5da524-7dc7-44b9-abbb-c1a0cad3a496,8587d745-92a6-4882-b3c3-0f7308ac627a,Undirected
3e5da524-7dc7-44b9-abbb-c1a0cad3a496,4e67f9ac-8cf9-4427-938e-bad7bf33154f,Undirected
047c268d-fe5b-4aaf-a20b-d7ff32145100,1e9fa7a6-e5d8-4df8-be79-c5978d37f55a,Undirected
1e9fa7a6-e5d8-4df8-be79-c5978d37f55a,7eda7b08-2131-4785-8cdc-258167c905b5,Undirected
020a3ff4-7fcf-4bc8-b00d-338a290deb8d,1e9fa7a6-e5d8-4df8-be79-c5978d37f55a,Undirected
092209df-3c10-44ce-b341-c01476399277,1e9fa7a6-e5d8-4df8-be79-c5978d37f55a,Undirected
0c9d85d2-0666-4471-9842-d5a346523f73,1e9fa7a6-e5d8-4df8-be79-c5978d37f55a,Undirected
10b761bb-340d-4b44-8a53-d8851b28940a,1e9fa7a6-e5d8-4df8-be79-c5978d37f55a,Undirected
0d286b5c-1745-4606-8e27-a7ad851a68bb,1e9fa7a6-e5d8-4df8-be79-c5978d37f55a,Undirected
1e9fa7a6-e5d8-4df8-be79-c5978d37f55a,31990f0e-a62b-4577-ae31-21af514a5da0,Undirected
1e9fa7a6-e5d8-4df8-be79-c5978d37f55a,559d6bc0-003c-4aea-bb41-33206279b7aa,Undirected
1e9fa7a6-e5d8-4df8-be79-c5978d37f55a,202e1f87-172f-4bb0-bbee-06b18f125c92,Undirected
00b0f9ec-6bff-449e-98ea-50ac5129f215,539167ba-a704-4908-b25c-d07918294598,Undirected
00b0f9ec-6bff-449e-98ea-50ac5129f215,948ca642-cd6f-412c-b94b-1e6c0d6a8014,Undirected
00b0f9ec-6bff-449e-98ea-50ac5129f215,050fcaa2-b384-4bda-9279-96e89e5fffb7,Undirected
00b0f9ec-6bff-449e-98ea-50ac5129f215,16e8d60b-44c2-46e7-afec-ff65a9191fc2,Undirected
00b0f9ec-6bff-449e-98ea-50ac5129f215,31a6b752-291c-456f-ade5-f4b85545e6df,Undirected
00b0f9ec-6bff-449e-98ea-50ac5129f215,aeff81b2-6e5c-4d1e-943f-e07b9a8cc29e,Undirected
00b0f9ec-6bff-449e-98ea-50ac5129f215,d452127a-e5ed-4b58-97db-54a2426b7e45,Undirected
00b0f9ec-6bff-449e-98ea-50ac5129f215,01094cae-de10-4507-8e89-1d4ecac05865,Undirected
183b9e11-2143-42f9-bf04-b0ccf70458a4,3c848550-0f64-4c30-b50a-d750672a2217,Undirected
1599ed89-3ecd-44b2-ba42-0765b78beeb8,3c848550-0f64-4c30-b50a-d750672a2217,Undirected
020a3ff4-7fcf-4bc8-b00d-338a290deb8d,3c848550-0f64-4c30-b50a-d750672a2217,Undirected
0c9d85d2-0666-4471-9842-d5a346523f73,3c848550-0f64-4c30-b50a-d750672a2217,Undirected
3c848550-0f64-4c30-b50a-d750672a2217,59c04c0c-27e3-4b54-957b-33768222515d,Undirected
25fc2052-d6ea-4cca-a018-5172d22edd03,3c848550-0f64-4c30-b50a-d750672a2217,Undirected
3c848550-0f64-4c30-b50a-d750672a2217,bc74f604-6fbc-4731-8768-4ce236221b6e,Undirected
3c848550-0f64-4c30-b50a-d750672a2217,b5e893c6-6c1d-452f-a6c5-4b40354d41bd,Undirected
10b761bb-340d-4b44-8a53-d8851b28940a,3c848550-0f64-4c30-b50a-d750672a2217,Undirected
66e342f1-ca85-4576-807d-8e3857d4f142,79ae7638-afcd-4b94-ac52-37eb33aeefc3,Undirected
4e6c0d85-da07-4761-9bce-13d5b526b40d,79ae7638-afcd-4b94-ac52-37eb33aeefc3,Undirected
78da678d-6964-4780-b175-651ae2108257,79ae7638-afcd-4b94-ac52-37eb33aeefc3,Undirected
79ae7638-afcd-4b94-ac52-37eb33aeefc3,d3ff2ae7-06e8-4386-8893-40437a779a7a,Undirected
27c634f9-fea5-4c0d-8e60-3431d1df5eeb,79ae7638-afcd-4b94-ac52-37eb33aeefc3,Undirected
6cc4c11d-f298-40ef-88da-d6f0aa980c34,79ae7638-afcd-4b94-ac52-37eb33aeefc3,Undirected
6833643a-b2cd-4685-bc0f-e4d713750bf7,79ae7638-afcd-4b94-ac52-37eb33aeefc3,Undirected
307e8e3a-1910-4ccd-a25e-38f14ff750cf,79ae7638-afcd-4b94-ac52-37eb33aeefc3,Undirected
4988f79d-2945-471d-b238-79f04949ed34,79ae7638-afcd-4b94-ac52-37eb33aeefc3,Undirected
1b25a1b2-c68c-4eb5-bef1-38ce5324c7b5,feb93955-2724-408c-8444-41f5f20b03ef,Undirected
37e7b205-fbb5-49aa-86e7-58e3dc33e480,feb93955-2724-408c-8444-41f5f20b03ef,Undirected
12994b02-ce90-409a-a819-9500d5d2b38e,feb93955-2724-408c-8444-41f5f20b03ef,Undirected
f71230fa-664f-495a-a3fa-1e5a33ba9052,feb93955-2724-408c-8444-41f5f20b03ef,Undirected
1101e63a-811c-4ce1-9ae1-39a9ed191f22,feb93955-2724-408c-8444-41f5f20b03ef,Undirected
d48db0f4-fab6-4d18-bc1f-aec43772af96,feb93955-2724-408c-8444-41f5f20b03ef,Undirected
36114ff7-0d23-4fc5-8e47-f596f2ceae18,feb93955-2724-408c-8444-41f5f20b03ef,Undirected
0f7a94a7-f37d-4e2a-833e-fc11094cd980,feb93955-2724-408c-8444-41f5f20b03ef,Undirected
0d6b001d-48c7-42f1-b617-ae0e3781eaa5,feb93955-2724-408c-8444-41f5f20b03ef,Undirected
d72332d5-f78d-465f-aa5a-b54f7fe70c28,feb93955-2724-408c-8444-41f5f20b03ef,Undirected
0836ad5c-0cd8-4928-aefa-2175a5909c89,0d114321-6f8f-4ddc-ad3c-9896d16afc27,Undirected
0d114321-6f8f-4ddc-ad3c-9896d16afc27,f62b6ad9-c0b1-42e5-bc8b-83be67d66789,Undirected
0d114321-6f8f-4ddc-ad3c-9896d16afc27,c0b63ecd-2ef3-4118-910b-4063ba00d6bd,Undirected
0d114321-6f8f-4ddc-ad3c-9896d16afc27,fb6ee8ab-5c12-4a00-91f7-6caf0e10aa18,Undirected
0d114321-6f8f-4ddc-ad3c-9896d16afc27,2ff57d87-e97e-4c98-949c-ad44eaf04c3a,Undirected
0d114321-6f8f-4ddc-ad3c-9896d16afc27,bcd3a77c-64a6-4c03-967b-92a0f6880c44,Undirected
0d114321-6f8f-4ddc-ad3c-9896d16afc27,13359cbb-e3b2-4d01-886c-085173f45471,Undirected
0d114321-6f8f-4ddc-ad3c-9896d16afc27,16a45c0e-9bb9-4161-8d03-45dc3ffdb459,Undirected
0d114321-6f8f-4ddc-ad3c-9896d16afc27,de9a5376-a45b-4255-8e82-031ce6728e87,Undirected
1c9d96d4-db11-4b1c-9f7b-e9048b9a8347,dc0cce76-0cec-4ffd-b02a-791042c87936,Undirected
35832bf4-78aa-4af0-8b0c-072c3c8a9fd7,dc0cce76-0cec-4ffd-b02a-791042c87936,Undirected
16e8d60b-44c2-46e7-afec-ff65a9191fc2,dc0cce76-0cec-4ffd-b02a-791042c87936,Undirected
dc0cce76-0cec-4ffd-b02a-791042c87936,dc5c8fdf-bb90-4f60-98a8-c667eef74ac3,Undirected
0c9d85d2-0666-4471-9842-d5a346523f73,dc0cce76-0cec-4ffd-b02a-791042c87936,Undirected
12971987-f859-491b-b9f9-9137c1681964,dc0cce76-0cec-4ffd-b02a-791042c87936,Undirected
4988f79d-2945-471d-b238-79f04949ed34,dc0cce76-0cec-4ffd-b02a-791042c87936,Undirected
18587a60-bdd6-45bd-8a8c-156bcfa1d7c9,dc0cce76-0cec-4ffd-b02a-791042c87936,Undirected
0aac7690-8b1e-4ebf-8cc4-e135155c09c7,dc0cce76-0cec-4ffd-b02a-791042c87936,Undirected
10b761bb-340d-4b44-8a53-d8851b28940a,b35127eb-0696-40ae-bb08-8eb9d8c74cdd,Undirected
10b761bb-340d-4b44-8a53-d8851b28940a,559d6bc0-003c-4aea-bb41-33206279b7aa,Undirected
10b761bb-340d-4b44-8a53-d8851b28940a,22ae2174-d74b-465d-a7b0-427a41ecedcc,Undirected
10b761bb-340d-4b44-8a53-d8851b28940a,202e1f87-172f-4bb0-bbee-06b18f125c92,Undirected
10b761bb-340d-4b44-8a53-d8851b28940a,1599ed89-3ecd-44b2-ba42-0765b78beeb8,Undirected
10b761bb-340d-4b44-8a53-d8851b28940a,25fc2052-d6ea-4cca-a018-5172d22edd03,Undirected
092209df-3c10-44ce-b341-c01476399277,10b761bb-340d-4b44-8a53-d8851b28940a,Undirected
363eb084-5711-4615-a169-50fc3a80e296,a5a4cfd5-d198-47f0-b807-c06d5e42ab82,Undirected
363eb084-5711-4615-a169-50fc3a80e296,67cff384-b6f8-4aa8-a48b-48ec72740270,Undirected
363eb084-5711-4615-a169-50fc3a80e296,6de80e5f-2e8b-4891-b7d9-587210be60b2,Undirected
363eb084-5711-4615-a169-50fc3a80e296,5154d031-7be6-4fb5-8181-5f7e57c96a4b,Undirected
363eb084-5711-4615-a169-50fc3a80e296,c5942b89-3845-4585-a376-fd760e772fdf,Undirected
363eb084-5711-4615-a169-50fc3a80e296,e0b200af-4b81-4f0b-8a5f-87a9e094cb42,Undirected
07a7fc00-eb3b-418b-bbd4-60ed4a0aaacf,363eb084-5711-4615-a169-50fc3a80e296,Undirected
04865b70-9b53-4e8b-9fa7-de87552ac172,363eb084-5711-4615-a169-50fc3a80e296,Undirected
363eb084-5711-4615-a169-50fc3a80e296,74a793df-6abb-47bb-8a49-52b64ac2723a,Undirected
288d8d0d-22fe-4ef7-9535-21ff5feafa5d,363eb084-5711-4615-a169-50fc3a80e296,Undirected
2ea5e2c3-b89c-49df-9173-0c4f36141d1a,e8eed0a7-edde-49b6-b488-b6d37394b25d,Undirected
2ea5e2c3-b89c-49df-9173-0c4f36141d1a,ffa9440d-2248-4249-b855-68d80c5120db,Undirected
0efb98df-0b2d-45ca-ad72-182aa7af4f0d,2ea5e2c3-b89c-49df-9173-0c4f36141d1a,Undirected
2ea5e2c3-b89c-49df-9173-0c4f36141d1a,78dc2d67-1bec-4b8e-9476-edad6163380b,Undirected
1addf60f-8058-41a7-ad12-2ff7bfe9e010,2ea5e2c3-b89c-49df-9173-0c4f36141d1a,Undirected
256c5c12-fb16-4599-9576-c5a57fb2e579,2ea5e2c3-b89c-49df-9173-0c4f36141d1a,Undirected
2ea5e2c3-b89c-49df-9173-0c4f36141d1a,fc065b8f-5ceb-4a1e-b654-dfe240105485,Undirected
1e98fbb0-7c35-490a-bbb7-62285336d32b,2ea5e2c3-b89c-49df-9173-0c4f36141d1a,Undirected
2ea5e2c3-b89c-49df-9173-0c4f36141d1a,cd0b064f-fae4-4726-aa2e-047bd0d4b1e5,Undirected
03659fc1-e2b6-407c-8f90-8854fbfe82c7,2ea5e2c3-b89c-49df-9173-0c4f36141d1a,Undirected
2cbac933-ec0d-43ae-b064-956f0ea9978e,f17db8b2-7bb2-4fbf-9d91-605da6503154,Undirected
2cbac933-ec0d-43ae-b064-956f0ea9978e,3ae67fbd-9aad-4200-ba06-918167230b55,Undirected
2cbac933-ec0d-43ae-b064-956f0ea9978e,63f840fd-a928-4db2-93be-cbbd47546af2,Undirected
2cbac933-ec0d-43ae-b064-956f0ea9978e,3b27dc8c-1e94-45f4-bb48-1e7dedc7ef7b,Undirected
2cbac933-ec0d-43ae-b064-956f0ea9978e,bcd3a77c-64a6-4c03-967b-92a0f6880c44,Undirected
13359cbb-e3b2-4d01-886c-085173f45471,2cbac933-ec0d-43ae-b064-956f0ea9978e,Undirected
0118d2c3-ec15-470e-b22d-4ae0134bd46e,2cbac933-ec0d-43ae-b064-956f0ea9978e,Undirected
18cf702f-47b5-4541-9acf-c1ea315512ff,2cbac933-ec0d-43ae-b064-956f0ea9978e,Undirected
2cbac933-ec0d-43ae-b064-956f0ea9978e,3f92b65d-4ead-4af0-9fad-217d926a0f32,Undirected
6c932d96-bf88-4ce3-87a1-635fb390ed1a,e36f49e9-c215-41f3-8579-3f56481d91a6,Undirected
5586e359-eb45-4215-aded-c2cf165cbd48,e36f49e9-c215-41f3-8579-3f56481d91a6,Undirected
25fc2052-d6ea-4cca-a018-5172d22edd03,e36f49e9-c215-41f3-8579-3f56481d91a6,Undirected
a6ed5358-6ad7-422e-9be6-dbc49a02586c,e36f49e9-c215-41f3-8579-3f56481d91a6,Undirected
7d9f69b7-81e7-4b42-ac24-ee58028740c8,e36f49e9-c215-41f3-8579-3f56481d91a6,Undirected
aeff81b2-6e5c-4d1e-943f-e07b9a8cc29e,e36f49e9-c215-41f3-8579-3f56481d91a6,Undirected
dd0e6c05-2af1-4d8a-9262-2d227e25497d,e36f49e9-c215-41f3-8579-3f56481d91a6,Undirected
4988f79d-2945-471d-b238-79f04949ed34,e36f49e9-c215-41f3-8579-3f56481d91a6,Undirected
35143c2f-0484-44e2-bf27-7baa7ca5e135,e36f49e9-c215-41f3-8579-3f56481d91a6,Undirected
647f301c-6db8-4484-a9d4-d7b79e965dd0,ced408d9-b686-4aac-89f4-1e778cab0b48,Undirected
6e4c8548-b7e4-4811-8720-abf576956ef8,ced408d9-b686-4aac-89f4-1e778cab0b48,Undirected
00bf2a72-2ca3-4a18-8bf9-7178ab0e964d,ced408d9-b686-4aac-89f4-1e778cab0b48,Undirected
216b0d95-63eb-4b85-b229-386c81d2434c,ced408d9-b686-4aac-89f4-1e778cab0b48,Undirected
091d16b3-1326-4420-9e45-f8e196764eca,ced408d9-b686-4aac-89f4-1e778cab0b48,Undirected
8a3b2b5e-af88-4ae7-9a59-7f3d0f84ffaa,ced408d9-b686-4aac-89f4-1e778cab0b48,Undirected
2a3e8a48-e484-4f7b-83c7-c221b45c1d76,ced408d9-b686-4aac-89f4-1e778cab0b48,Undirected
bb9401f9-41b1-4a5d-9b8c-b2ae039c09fe,ced408d9-b686-4aac-89f4-1e778cab0b48,Undirected
ced408d9-b686-4aac-89f4-1e778cab0b48,e8a83629-a377-417c-9d64-ae02be53e4a5,Undirected
31990f0e-a62b-4577-ae31-21af514a5da0,32114abb-717c-4a95-9c18-6e44832c65d2,Undirected
305c4cb3-0ceb-4dd7-b3ab-6a227294e478,31990f0e-a62b-4577-ae31-21af514a5da0,Undirected
19233a62-c1d3-4af7-82ba-d2382d7e69f1,31990f0e-a62b-4577-ae31-21af514a5da0,Undirected
31990f0e-a62b-4577-ae31-21af514a5da0,8587d745-92a6-4882-b3c3-0f7308ac627a,Undirected
31990f0e-a62b-4577-ae31-21af514a5da0,7f8b2ed4-fb94-454a-b03c-2e02c77e7d9d,Undirected
31990f0e-a62b-4577-ae31-21af514a5da0,617dfc80-eb78-4f54-bdc2-39412dacd7b3,Undirected
092209df-3c10-44ce-b341-c01476399277,31990f0e-a62b-4577-ae31-21af514a5da0,Undirected
2bd5e46d-edf5-4a34-84bb-913806676736,31990f0e-a62b-4577-ae31-21af514a5da0,Undirected
31990f0e-a62b-4577-ae31-21af514a5da0,35143c2f-0484-44e2-bf27-7baa7ca5e135,Undirected
0ddf2623-3285-48b7-b9a1-f6b1ed01ee65,31990f0e-a62b-4577-ae31-21af514a5da0,Undirected
7630417f-60d8-4810-9da4-04441f259b6f,ff9782e3-39da-45b0-b6ad-1e6b9dbc083a,Undirected
7ed638fe-111c-4648-8a9d-eeaa891269ca,ff9782e3-39da-45b0-b6ad-1e6b9dbc083a,Undirected
9855f2d9-3720-4052-a3b0-181682666a7f,ff9782e3-39da-45b0-b6ad-1e6b9dbc083a,Undirected
13194c93-89c6-4ab4-aaf2-15db5d73b74e,ff9782e3-39da-45b0-b6ad-1e6b9dbc083a,Undirected
6833643a-b2cd-4685-bc0f-e4d713750bf7,ff9782e3-39da-45b0-b6ad-1e6b9dbc083a,Undirected
1111fd1f-7868-40a5-9dec-15dcd9b175a3,ff9782e3-39da-45b0-b6ad-1e6b9dbc083a,Undirected
33c1e136-a784-47a3-9635-39549a42812f,ff9782e3-39da-45b0-b6ad-1e6b9dbc083a,Undirected
f90fa723-9d8f-4260-9e03-34778e0ea7d1,ff9782e3-39da-45b0-b6ad-1e6b9dbc083a,Undirected
4e6c0d85-da07-4761-9bce-13d5b526b40d,66e342f1-ca85-4576-807d-8e3857d4f142,Undirected
094e2f8f-d620-415e-975b-66f06d1dcfe9,66e342f1-ca85-4576-807d-8e3857d4f142,Undirected
66e342f1-ca85-4576-807d-8e3857d4f142,78da678d-6964-4780-b175-651ae2108257,Undirected
66e342f1-ca85-4576-807d-8e3857d4f142,d3ff2ae7-06e8-4386-8893-40437a779a7a,Undirected
4988f79d-2945-471d-b238-79f04949ed34,66e342f1-ca85-4576-807d-8e3857d4f142,Undirected
66e342f1-ca85-4576-807d-8e3857d4f142,6833643a-b2cd-4685-bc0f-e4d713750bf7,Undirected
66e342f1-ca85-4576-807d-8e3857d4f142,6cc4c11d-f298-40ef-88da-d6f0aa980c34,Undirected
66e342f1-ca85-4576-807d-8e3857d4f142,f90fa723-9d8f-4260-9e03-34778e0ea7d1,Undirected
307e8e3a-1910-4ccd-a25e-38f14ff750cf,66e342f1-ca85-4576-807d-8e3857d4f142,Undirected
66e342f1-ca85-4576-807d-8e3857d4f142,b0d283a0-c113-4b57-962d-94960264af6e,Undirected
01094cae-de10-4507-8e89-1d4ecac05865,e787999f-46f5-4d97-9b46-11a3a9b0a2d5,Undirected
27271258-4919-4456-91ff-f6ceca3f2b71,e787999f-46f5-4d97-9b46-11a3a9b0a2d5,Undirected
25fc2052-d6ea-4cca-a018-5172d22edd03,e787999f-46f5-4d97-9b46-11a3a9b0a2d5,Undirected
aeff81b2-6e5c-4d1e-943f-e07b9a8cc29e,e787999f-46f5-4d97-9b46-11a3a9b0a2d5,Undirected
539167ba-a704-4908-b25c-d07918294598,e787999f-46f5-4d97-9b46-11a3a9b0a2d5,Undirected
66402dcb-9bda-41d4-a3ad-a5f6550b9db4,e787999f-46f5-4d97-9b46-11a3a9b0a2d5,Undirected
22ae2174-d74b-465d-a7b0-427a41ecedcc,e787999f-46f5-4d97-9b46-11a3a9b0a2d5,Undirected
b5e893c6-6c1d-452f-a6c5-4b40354d41bd,e787999f-46f5-4d97-9b46-11a3a9b0a2d5,Undirected
6e9b0ed1-05ab-4a26-89c3-0cbf31085dfa,e787999f-46f5-4d97-9b46-11a3a9b0a2d5,Undirected
bcd3a77c-64a6-4c03-967b-92a0f6880c44,e787999f-46f5-4d97-9b46-11a3a9b0a2d5,Undirected
6c4dc807-4073-4b0a-88e1-1cf6cb993413,b4be7f77-bb4d-46ac-931a-1fe0f8b16a9e,Undirected
770e6be6-b2d4-41ce-b69e-ae070477d82a,b4be7f77-bb4d-46ac-931a-1fe0f8b16a9e,Undirected
99d8a9bc-8e9b-4c83-8c8c-7cbd06d2bd8b,b4be7f77-bb4d-46ac-931a-1fe0f8b16a9e,Undirected
1795a939-37ef-479b-a6e7-5586de34f5c4,b4be7f77-bb4d-46ac-931a-1fe0f8b16a9e,Undirected
374a7a48-3eef-4897-884e-c1d690662b6a,b4be7f77-bb4d-46ac-931a-1fe0f8b16a9e,Undirected
823c7f6b-0bf3-4a50-b26a-e73849907791,b4be7f77-bb4d-46ac-931a-1fe0f8b16a9e,Undirected
6833643a-b2cd-4685-bc0f-e4d713750bf7,b4be7f77-bb4d-46ac-931a-1fe0f8b16a9e,Undirected
a5fb766a-1bde-4f29-8e21-536b2b574986,b4be7f77-bb4d-46ac-931a-1fe0f8b16a9e,Undirected
b4be7f77-bb4d-46ac-931a-1fe0f8b16a9e,f385a3b8-a59f-467b-8d69-2aefe286f873,Undirected
3f92b65d-4ead-4af0-9fad-217d926a0f32,b4be7f77-bb4d-46ac-931a-1fe0f8b16a9e,Undirected
7ed638fe-111c-4648-8a9d-eeaa891269ca,a8ad09b4-0606-42e5-9d7b-8d8daafbbe96,Undirected
097ae7e7-5916-4797-967a-c31e2a9ea5c3,7ed638fe-111c-4648-8a9d-eeaa891269ca,Undirected
307e8e3a-1910-4ccd-a25e-38f14ff750cf,7ed638fe-111c-4648-8a9d-eeaa891269ca,Undirected
7ed638fe-111c-4648-8a9d-eeaa891269ca,f90fa723-9d8f-4260-9e03-34778e0ea7d1,Undirected
4988f79d-2945-471d-b238-79f04949ed34,7ed638fe-111c-4648-8a9d-eeaa891269ca,Undirected
6833643a-b2cd-4685-bc0f-e4d713750bf7,7ed638fe-111c-4648-8a9d-eeaa891269ca,Undirected
13194c93-89c6-4ab4-aaf2-15db5d73b74e,7ed638fe-111c-4648-8a9d-eeaa891269ca,Undirected
7ed638fe-111c-4648-8a9d-eeaa891269ca,dd0e6c05-2af1-4d8a-9262-2d227e25497d,Undirected
7d9f69b7-81e7-4b42-ac24-ee58028740c8,7ed638fe-111c-4648-8a9d-eeaa891269ca,Undirected
00599c5a-b181-46dd-92f6-752a2ee20d58,f3a04708-8071-47df-8800-023d88bd770f,Undirected
00d4f237-01d0-4dc4-83c0-5b0e543d7eb8,f3a04708-8071-47df-8800-023d88bd770f,Undirected
00772b99-31a1-4c71-8edf-5b0a7f6a2b8d,f3a04708-8071-47df-8800-023d88bd770f,Undirected
0da14eba-ea5f-4e3d-be7e-a1e51c3ed003,f3a04708-8071-47df-8800-023d88bd770f,Undirected
d9d58427-9b6c-4e2c-babb-114d8fc35034,f3a04708-8071-47df-8800-023d88bd770f,Undirected
7d12d21b-bacd-480c-ac26-fc8b64b9e7cd,f3a04708-8071-47df-8800-023d88bd770f,Undirected
038c4d4a-f5c1-47db-90c7-35b13514773a,f3a04708-8071-47df-8800-023d88bd770f,Undirected
022aee6e-5570-43b5-ab5e-b7ad975b71ea,f3a04708-8071-47df-8800-023d88bd770f,Undirected
f3a04708-8071-47df-8800-023d88bd770f,f9907df7-07b6-48cf-80be-aac44fdc741f,Undirected
6de80e5f-2e8b-4891-b7d9-587210be60b2,f3a04708-8071-47df-8800-023d88bd770f,Undirected
125fc4ba-3106-46c0-967f-ce7ac9ac958e,4fb07e4c-8a52-40e6-9529-bfb0af1e0643,Undirected
4fb07e4c-8a52-40e6-9529-bfb0af1e0643,68618da4-235e-4afc-99a2-46ff6e9b5621,Undirected
498eb6fb-e438-4af0-9f49-e66dcc616e25,4fb07e4c-8a52-40e6-9529-bfb0af1e0643,Undirected
102519c2-d076-4aee-8189-c44b32e62da7,4fb07e4c-8a52-40e6-9529-bfb0af1e0643,Undirected
3bcd370b-c86f-44ab-8c08-1f2d6e6ff992,4fb07e4c-8a52-40e6-9529-bfb0af1e0643,Undirected
119eabbd-38f8-484e-9126-6bc571b3d1eb,4fb07e4c-8a52-40e6-9529-bfb0af1e0643,Undirected
8c1f4c3e-24f1-49f3-836e-19bbad1ce404,a0842b4a-6b42-4a45-b309-48445b58333c,Undirected
849b2dbc-c94e-432b-88a0-4d9932fab32e,a0842b4a-6b42-4a45-b309-48445b58333c,Undirected
5d64ba4f-c317-4a30-9645-f7775ddb49d9,a0842b4a-6b42-4a45-b309-48445b58333c,Undirected
99d8a9bc-8e9b-4c83-8c8c-7cbd06d2bd8b,a0842b4a-6b42-4a45-b309-48445b58333c,Undirected
961320dd-8e5a-4eee-826e-97a8c8f6353c,a0842b4a-6b42-4a45-b309-48445b58333c,Undirected
a0842b4a-6b42-4a45-b309-48445b58333c,e3fd9b66-b660-4460-8e1f-44282136bf5c,Undirected
a0842b4a-6b42-4a45-b309-48445b58333c,f489007e-8e10-4f46-bae4-d8249523fdae,Undirected
a0842b4a-6b42-4a45-b309-48445b58333c,b4be7f77-bb4d-46ac-931a-1fe0f8b16a9e,Undirected
374a7a48-3eef-4897-884e-c1d690662b6a,a0842b4a-6b42-4a45-b309-48445b58333c,Undirected
5a4f0636-cb9d-4b73-8dec-44c9a5c433e6,b6dcc0a3-4ded-42b2-8dd8-9b48ceb32ad5,Undirected
226aaeaf-f52e-40aa-ab65-7a1005f4556e,5a4f0636-cb9d-4b73-8dec-44c9a5c433e6,Undirected
5a4f0636-cb9d-4b73-8dec-44c9a5c433e6,6f18aab1-e92f-4a1d-b744-547d1fe2bdcd,Undirected
5a4f0636-cb9d-4b73-8dec-44c9a5c433e6,c876c7fa-6faf-434b-8449-df94b5e93b9f,Undirected
5a4f0636-cb9d-4b73-8dec-44c9a5c433e6,fd4594da-20ea-49d7-96b7-0c69cd4d8597,Undirected
5a4f0636-cb9d-4b73-8dec-44c9a5c433e6,752d46d5-236d-4d49-8aa0-b6d5bc8fe796,Undirected
36497e70-451e-4c51-b4f3-ffdf8e4b413e,5a4f0636-cb9d-4b73-8dec-44c9a5c433e6,Undirected
02df5df9-bb92-4b57-9b4d-d03df372532c,5a4f0636-cb9d-4b73-8dec-44c9a5c433e6,Undirected
286070ac-553b-4af9-91fe-5d88a4d20b75,5a4f0636-cb9d-4b73-8dec-44c9a5c433e6,Undirected
5a4f0636-cb9d-4b73-8dec-44c9a5c433e6,79e3ef9f-43fe-4f4f-aebb-3ac3b46dac05,Undirected
0d0aa890-e91a-4af9-b2ca-9e1e4b0ac635,37cb370f-e715-4278-823f-c5555891e35a,Undirected
37cb370f-e715-4278-823f-c5555891e35a,69b7b43b-9fbd-4001-9106-ac6d2711b716,Undirected
05800de6-c330-481c-9655-614f594d2ad1,37cb370f-e715-4278-823f-c5555891e35a,Undirected
37cb370f-e715-4278-823f-c5555891e35a,bcd3a77c-64a6-4c03-967b-92a0f6880c44,Undirected
37cb370f-e715-4278-823f-c5555891e35a,44e38b7b-11b1-4ada-82e2-6583c947aa34,Undirected
37cb370f-e715-4278-823f-c5555891e35a,bbc597dd-dc54-4187-ab2e-9a72f046f0fd,Undirected
37cb370f-e715-4278-823f-c5555891e35a,a3fa6ee1-598d-4f06-a89d-ee2660eaeef3,Undirected
13194c93-89c6-4ab4-aaf2-15db5d73b74e,37cb370f-e715-4278-823f-c5555891e35a,Undirected
1fc1239e-f1a8-4943-bd20-af2bf9f06274,37cb370f-e715-4278-823f-c5555891e35a,Undirected
37cb370f-e715-4278-823f-c5555891e35a,a65906cf-f469-410f-978b-bd532eaf21d6,Undirected
559d6bc0-003c-4aea-bb41-33206279b7aa,b35127eb-0696-40ae-bb08-8eb9d8c74cdd,Undirected
4677bae4-93b4-494f-a79a-676825f79c21,559d6bc0-003c-4aea-bb41-33206279b7aa,Undirected
020a3ff4-7fcf-4bc8-b00d-338a290deb8d,559d6bc0-003c-4aea-bb41-33206279b7aa,Undirected
559d6bc0-003c-4aea-bb41-33206279b7aa,7eda7b08-2131-4785-8cdc-258167c905b5,Undirected
31990f0e-a62b-4577-ae31-21af514a5da0,559d6bc0-003c-4aea-bb41-33206279b7aa,Undirected
35143c2f-0484-44e2-bf27-7baa7ca5e135,559d6bc0-003c-4aea-bb41-33206279b7aa,Undirected
307e8e3a-1910-4ccd-a25e-38f14ff750cf,559d6bc0-003c-4aea-bb41-33206279b7aa,Undirected
0c9d85d2-0666-4471-9842-d5a346523f73,559d6bc0-003c-4aea-bb41-33206279b7aa,Undirected
22ae2174-d74b-465d-a7b0-427a41ecedcc,559d6bc0-003c-4aea-bb41-33206279b7aa,Undirected
0a95fa71-4eb5-4a08-8ddb-ffa327a1a238,216b0d95-63eb-4b85-b229-386c81d2434c,Undirected
13359cbb-e3b2-4d01-886c-085173f45471,216b0d95-63eb-4b85-b229-386c81d2434c,Undirected
216b0d95-63eb-4b85-b229-386c81d2434c,dff733e2-9476-48a7-919b-c76fed7ffb54,Undirected
216b0d95-63eb-4b85-b229-386c81d2434c,8a3b2b5e-af88-4ae7-9a59-7f3d0f84ffaa,Undirected
216b0d95-63eb-4b85-b229-386c81d2434c,59329447-a5a8-47ba-9480-5d6c590ce247,Undirected
216b0d95-63eb-4b85-b229-386c81d2434c,bcd3a77c-64a6-4c03-967b-92a0f6880c44,Undirected
0f7393dd-b355-49ce-b03a-32420686af69,216b0d95-63eb-4b85-b229-386c81d2434c,Undirected
18cf702f-47b5-4541-9acf-c1ea315512ff,2d4b4877-0600-4c53-9e27-6b0120dcd6f9,Undirected
18cf702f-47b5-4541-9acf-c1ea315512ff,de4109d0-75b6-4685-932c-b866bb17e4ab,Undirected
0118d2c3-ec15-470e-b22d-4ae0134bd46e,18cf702f-47b5-4541-9acf-c1ea315512ff,Undirected
18cf702f-47b5-4541-9acf-c1ea315512ff,6a7e4552-ed19-4513-9586-e949c486ec9f,Undirected
18cf702f-47b5-4541-9acf-c1ea315512ff,208e92ab-42f0-44b3-8c03-5872944ce891,Undirected
18cf702f-47b5-4541-9acf-c1ea315512ff,5d39d102-e948-4bef-85ef-705b81262092,Undirected
0b0bb002-8b52-4ceb-bc67-e4c622f4d5d8,18cf702f-47b5-4541-9acf-c1ea315512ff,Undirected
18cf702f-47b5-4541-9acf-c1ea315512ff,43dcf53e-70b7-4fa5-ba66-49a27521fc97,Undirected
18cf702f-47b5-4541-9acf-c1ea315512ff,dc0cce76-0cec-4ffd-b02a-791042c87936,Undirected
18cf702f-47b5-4541-9acf-c1ea315512ff,539167ba-a704-4908-b25c-d07918294598,Undirected
0d61ac5f-23ea-4acc-aa2b-8fd60e40f82f,128fcda8-d61d-4932-be2b-56c8e37b45d4,Undirected
0d61ac5f-23ea-4acc-aa2b-8fd60e40f82f,4e39970b-164b-4f44-8b93-28009ddefdf7,Undirected
038c4d4a-f5c1-47db-90c7-35b13514773a,0d61ac5f-23ea-4acc-aa2b-8fd60e40f82f,Undirected
0d61ac5f-23ea-4acc-aa2b-8fd60e40f82f,3ada42d9-cb66-45e5-9d7c-bca2e38371fe,Undirected
0d61ac5f-23ea-4acc-aa2b-8fd60e40f82f,df876ae8-3e46-48dd-aa7d-ae7feeba126a,Undirected
0d61ac5f-23ea-4acc-aa2b-8fd60e40f82f,f18215bb-965a-4fae-a578-165ee0a948e7,Undirected
0d61ac5f-23ea-4acc-aa2b-8fd60e40f82f,392567e3-c5a4-4d94-8f6c-a6a2551ded3e,Undirected
0d61ac5f-23ea-4acc-aa2b-8fd60e40f82f,288d8d0d-22fe-4ef7-9535-21ff5feafa5d,Undirected
01b752d5-b3d6-4abe-83ae-9193ff9c0aa9,0d61ac5f-23ea-4acc-aa2b-8fd60e40f82f,Undirected
0d61ac5f-23ea-4acc-aa2b-8fd60e40f82f,a8eddc06-8d0b-4856-9ea8-4ce6cb21facb,Undirected
8c1f4c3e-24f1-49f3-836e-19bbad1ce404,8f2334a3-ead8-4a05-91e3-55ed83a13cab,Undirected
849b2dbc-c94e-432b-88a0-4d9932fab32e,8f2334a3-ead8-4a05-91e3-55ed83a13cab,Undirected
60fe129c-4409-4069-9262-bb6f2277e299,8f2334a3-ead8-4a05-91e3-55ed83a13cab,Undirected
7d9f69b7-81e7-4b42-ac24-ee58028740c8,8f2334a3-ead8-4a05-91e3-55ed83a13cab,Undirected
66402dcb-9bda-41d4-a3ad-a5f6550b9db4,8f2334a3-ead8-4a05-91e3-55ed83a13cab,Undirected
17410183-d250-49c9-8be1-04d26fa4c71d,8f2334a3-ead8-4a05-91e3-55ed83a13cab,Undirected
8f2334a3-ead8-4a05-91e3-55ed83a13cab,e3fd9b66-b660-4460-8e1f-44282136bf5c,Undirected
020a3ff4-7fcf-4bc8-b00d-338a290deb8d,8f2334a3-ead8-4a05-91e3-55ed83a13cab,Undirected
35143c2f-0484-44e2-bf27-7baa7ca5e135,8f2334a3-ead8-4a05-91e3-55ed83a13cab,Undirected
89f4d849-1bf0-43bc-be30-eb3724042085,99d8a9bc-8e9b-4c83-8c8c-7cbd06d2bd8b,Undirected
374a7a48-3eef-4897-884e-c1d690662b6a,99d8a9bc-8e9b-4c83-8c8c-7cbd06d2bd8b,Undirected
6c4dc807-4073-4b0a-88e1-1cf6cb993413,99d8a9bc-8e9b-4c83-8c8c-7cbd06d2bd8b,Undirected
1795a939-37ef-479b-a6e7-5586de34f5c4,99d8a9bc-8e9b-4c83-8c8c-7cbd06d2bd8b,Undirected
823c7f6b-0bf3-4a50-b26a-e73849907791,99d8a9bc-8e9b-4c83-8c8c-7cbd06d2bd8b,Undirected
617dfc80-eb78-4f54-bdc2-39412dacd7b3,99d8a9bc-8e9b-4c83-8c8c-7cbd06d2bd8b,Undirected
99d8a9bc-8e9b-4c83-8c8c-7cbd06d2bd8b,f489007e-8e10-4f46-bae4-d8249523fdae,Undirected
6833643a-b2cd-4685-bc0f-e4d713750bf7,99d8a9bc-8e9b-4c83-8c8c-7cbd06d2bd8b,Undirected
35143c2f-0484-44e2-bf27-7baa7ca5e135,99d8a9bc-8e9b-4c83-8c8c-7cbd06d2bd8b,Undirected
773bfc6a-3969-4637-9915-92b4eae7ebf5,d9d58427-9b6c-4e2c-babb-114d8fc35034,Undirected
7e03a61b-fca4-4ecc-ad9c-4ddadcb69ec0,d9d58427-9b6c-4e2c-babb-114d8fc35034,Undirected
002c9787-fadd-4bb7-86ff-2787a0f366f8,d9d58427-9b6c-4e2c-babb-114d8fc35034,Undirected
9f14332a-6cdf-4a3b-bbbf-94711396d293,d9d58427-9b6c-4e2c-babb-114d8fc35034,Undirected
cfe5245b-7813-421b-b380-264918db4222,d9d58427-9b6c-4e2c-babb-114d8fc35034,Undirected
48c5f2d6-7182-4b5b-97a6-0df261bbe534,d9d58427-9b6c-4e2c-babb-114d8fc35034,Undirected
6b44bc8b-226f-4806-b910-de87cd856034,d9d58427-9b6c-4e2c-babb-114d8fc35034,Undirected
1b51faad-da93-48c9-889f-177aa005ae33,d9d58427-9b6c-4e2c-babb-114d8fc35034,Undirected
d9d58427-9b6c-4e2c-babb-114d8fc35034,e6fb80b5-e7ee-410b-8a80-15c619736177,Undirected
6f23d5a9-590f-4a52-b53d-964d0ba039d8,d9d58427-9b6c-4e2c-babb-114d8fc35034,Undirected
9855f2d9-3720-4052-a3b0-181682666a7f,bf2d8750-7396-4f6f-9703-23522d60274c,Undirected
9855f2d9-3720-4052-a3b0-181682666a7f,e0b200af-4b81-4f0b-8a5f-87a9e094cb42,Undirected
9855f2d9-3720-4052-a3b0-181682666a7f,f9fb46ef-c9f8-481f-a8a2-c98e21a1fc5d,Undirected
10899065-63cd-4365-a7a1-e158638fe338,9855f2d9-3720-4052-a3b0-181682666a7f,Undirected
9855f2d9-3720-4052-a3b0-181682666a7f,c5942b89-3845-4585-a376-fd760e772fdf,Undirected
9855f2d9-3720-4052-a3b0-181682666a7f,dbbc6aad-99cf-45b2-a3e4-90d7afbf599b,Undirected
13194c93-89c6-4ab4-aaf2-15db5d73b74e,9855f2d9-3720-4052-a3b0-181682666a7f,Undirected
9855f2d9-3720-4052-a3b0-181682666a7f,9b5d8a7d-05fe-4f3d-ba09-2025858fb122,Undirected
1111fd1f-7868-40a5-9dec-15dcd9b175a3,9855f2d9-3720-4052-a3b0-181682666a7f,Undirected
7e742abc-2a23-4f0c-b638-4be8c299bf57,8cb0470b-6d7c-4f32-bf78-7ce1161e95a9,Undirected
185b1511-725f-4bfb-8c64-ef4b7e11b801,7e742abc-2a23-4f0c-b638-4be8c299bf57,Undirected
74574855-25f8-47a2-8fc3-c981267a82d6,7e742abc-2a23-4f0c-b638-4be8c299bf57,Undirected
710f21dc-4237-4459-90fd-b117a71d347f,7e742abc-2a23-4f0c-b638-4be8c299bf57,Undirected
219ab499-9531-4d94-b60e-62e2dcb80d8d,7e742abc-2a23-4f0c-b638-4be8c299bf57,Undirected
60535489-7d75-4686-a578-a42ca0cd1e49,7e742abc-2a23-4f0c-b638-4be8c299bf57,Undirected
143c6b5f-f3c4-4da5-9b7c-1e67426d4e56,7e742abc-2a23-4f0c-b638-4be8c299bf57,Undirected
0118d2c3-ec15-470e-b22d-4ae0134bd46e,7e742abc-2a23-4f0c-b638-4be8c299bf57,Undirected
6e0eb323-251d-492c-8dd1-10c3b808266c,7e742abc-2a23-4f0c-b638-4be8c299bf57,Undirected
07a16134-927e-49b5-a0fc-0e751a6824dc,7e742abc-2a23-4f0c-b638-4be8c299bf57,Undirected
069c31c6-6259-4d14-ae49-94001db9ead9,071fa60b-652a-4d67-b7e4-58a63a1bbe6f,Undirected
0362e11d-068d-4a2c-bcb8-c51fbf86dfe8,071fa60b-652a-4d67-b7e4-58a63a1bbe6f,Undirected
071fa60b-652a-4d67-b7e4-58a63a1bbe6f,1111fd1f-7868-40a5-9dec-15dcd9b175a3,Undirected
071fa60b-652a-4d67-b7e4-58a63a1bbe6f,d7decd27-2234-467a-a9e0-d608f04d75f3,Undirected
071fa60b-652a-4d67-b7e4-58a63a1bbe6f,096ae087-5cb2-41b6-a0e0-211d0fb0de68,Undirected
071fa60b-652a-4d67-b7e4-58a63a1bbe6f,20df1c71-6689-48ff-8b61-0ddd82970d5a,Undirected
071fa60b-652a-4d67-b7e4-58a63a1bbe6f,3cc3806c-c2bb-41d7-9319-981fabca3399,Undirected
03305306-c822-48af-8b0e-f8605affecb1,071fa60b-652a-4d67-b7e4-58a63a1bbe6f,Undirected
071fa60b-652a-4d67-b7e4-58a63a1bbe6f,0d6b001d-48c7-42f1-b617-ae0e3781eaa5,Undirected
1fe9cded-3b48-48d4-bfc4-b07c269c63a1,fe872d20-f73b-47f0-9c26-cc080e994582,Undirected
093d0b21-5e17-4cc4-8a7d-713b4d6b45be,fe872d20-f73b-47f0-9c26-cc080e994582,Undirected
35143c2f-0484-44e2-bf27-7baa7ca5e135,fe872d20-f73b-47f0-9c26-cc080e994582,Undirected
f90fa723-9d8f-4260-9e03-34778e0ea7d1,fe872d20-f73b-47f0-9c26-cc080e994582,Undirected
26918716-9365-4f4a-991f-241ffc350628,fe872d20-f73b-47f0-9c26-cc080e994582,Undirected
8587d745-92a6-4882-b3c3-0f7308ac627a,fe872d20-f73b-47f0-9c26-cc080e994582,Undirected
3805b6a9-291c-4315-bca0-0b96c01c7ef7,fe872d20-f73b-47f0-9c26-cc080e994582,Undirected
c0b63ecd-2ef3-4118-910b-4063ba00d6bd,f32f14a5-b701-4e97-9527-951289b55792,Undirected
9705d5d9-d6c1-4cbe-bd3e-0c2601b3751a,c0b63ecd-2ef3-4118-910b-4063ba00d6bd,Undirected
c0b63ecd-2ef3-4118-910b-4063ba00d6bd,f62b6ad9-c0b1-42e5-bc8b-83be67d66789,Undirected
c0b63ecd-2ef3-4118-910b-4063ba00d6bd,d78b6ad1-dc18-411b-9674-5ed2173a6d8e,Undirected
5a9dcf68-fa3a-4c85-881a-cd954cf794d3,c0b63ecd-2ef3-4118-910b-4063ba00d6bd,Undirected
2ff57d87-e97e-4c98-949c-ad44eaf04c3a,c0b63ecd-2ef3-4118-910b-4063ba00d6bd,Undirected
0836ad5c-0cd8-4928-aefa-2175a5909c89,c0b63ecd-2ef3-4118-910b-4063ba00d6bd,Undirected
c0b63ecd-2ef3-4118-910b-4063ba00d6bd,c7677cc2-9d61-4b8e-bfa4-43472f94acd5,Undirected
16a45c0e-9bb9-4161-8d03-45dc3ffdb459,c0b63ecd-2ef3-4118-910b-4063ba00d6bd,Undirected
2122282b-2517-4780-af71-c468a22c142a,c0b63ecd-2ef3-4118-910b-4063ba00d6bd,Undirected
5d64ba4f-c317-4a30-9645-f7775ddb49d9,60fe129c-4409-4069-9262-bb6f2277e299,Undirected
60fe129c-4409-4069-9262-bb6f2277e299,66402dcb-9bda-41d4-a3ad-a5f6550b9db4,Undirected
60fe129c-4409-4069-9262-bb6f2277e299,8c1f4c3e-24f1-49f3-836e-19bbad1ce404,Undirected
434db322-10b4-467a-897b-807c75ccb562,60fe129c-4409-4069-9262-bb6f2277e299,Undirected
60fe129c-4409-4069-9262-bb6f2277e299,aeff81b2-6e5c-4d1e-943f-e07b9a8cc29e,Undirected
60fe129c-4409-4069-9262-bb6f2277e299,e3fd9b66-b660-4460-8e1f-44282136bf5c,Undirected
5e20c9ed-4d14-46c6-b30b-8076c4f0e678,60fe129c-4409-4069-9262-bb6f2277e299,Undirected
60fe129c-4409-4069-9262-bb6f2277e299,a6ed5358-6ad7-422e-9be6-dbc49a02586c,Undirected
60fe129c-4409-4069-9262-bb6f2277e299,7d9f69b7-81e7-4b42-ac24-ee58028740c8,Undirected
2a2a7d3f-e607-4554-881e-4ff32948ce0a,c7677cc2-9d61-4b8e-bfa4-43472f94acd5,Undirected
134333a8-359e-4e07-b674-c5280e70e808,c7677cc2-9d61-4b8e-bfa4-43472f94acd5,Undirected
1f1e917b-3279-4b7b-b410-078ca0b4dc50,c7677cc2-9d61-4b8e-bfa4-43472f94acd5,Undirected
bcd3a77c-64a6-4c03-967b-92a0f6880c44,c7677cc2-9d61-4b8e-bfa4-43472f94acd5,Undirected
13359cbb-e3b2-4d01-886c-085173f45471,c7677cc2-9d61-4b8e-bfa4-43472f94acd5,Undirected
382d8698-412d-4545-b162-30a30c5258e8,c7677cc2-9d61-4b8e-bfa4-43472f94acd5,Undirected
c7677cc2-9d61-4b8e-bfa4-43472f94acd5,ccb725d4-4d08-409a-8931-c1a9de76e3a8,Undirected
c7677cc2-9d61-4b8e-bfa4-43472f94acd5,f62b6ad9-c0b1-42e5-bc8b-83be67d66789,Undirected
12971987-f859-491b-b9f9-9137c1681964,331a1f4a-025d-4bbf-9239-d29d0f65becb,Undirected
331a1f4a-025d-4bbf-9239-d29d0f65becb,35640f10-c6c5-47e6-a6c0-9974efa89d9c,Undirected
331a1f4a-025d-4bbf-9239-d29d0f65becb,a5c404e8-ff4e-420a-9df7-bb025675bc2d,Undirected
331a1f4a-025d-4bbf-9239-d29d0f65becb,d8092bc4-dcf6-460d-8682-3d92cba0a750,Undirected
331a1f4a-025d-4bbf-9239-d29d0f65becb,aeff81b2-6e5c-4d1e-943f-e07b9a8cc29e,Undirected
1e9fa7a6-e5d8-4df8-be79-c5978d37f55a,331a1f4a-025d-4bbf-9239-d29d0f65becb,Undirected
0cf94206-a008-4952-8118-29c4044bdbc0,331a1f4a-025d-4bbf-9239-d29d0f65becb,Undirected
0d286b5c-1745-4606-8e27-a7ad851a68bb,331a1f4a-025d-4bbf-9239-d29d0f65becb,Undirected
331a1f4a-025d-4bbf-9239-d29d0f65becb,da0d5a8c-e481-4c15-af9f-b8cbee4da1f1,Undirected
03f2f3ea-ca53-4ea1-9d35-b3537375d91d,13d21923-f9da-4015-bb75-29839cd2b2a4,Undirected
13d21923-f9da-4015-bb75-29839cd2b2a4,b8df9c90-60cc-481a-87ac-a0b32cd810ab,Undirected
13d21923-f9da-4015-bb75-29839cd2b2a4,f126ae7d-bfa3-4e07-a65f-5cadbf877088,Undirected
13d21923-f9da-4015-bb75-29839cd2b2a4,cfa459c1-a5de-4162-a9b4-399e6ad03687,Undirected
13d21923-f9da-4015-bb75-29839cd2b2a4,219ab499-9531-4d94-b60e-62e2dcb80d8d,Undirected
13d21923-f9da-4015-bb75-29839cd2b2a4,8a3b2b5e-af88-4ae7-9a59-7f3d0f84ffaa,Undirected
0118d2c3-ec15-470e-b22d-4ae0134bd46e,13d21923-f9da-4015-bb75-29839cd2b2a4,Undirected
13d21923-f9da-4015-bb75-29839cd2b2a4,79ce78a3-eb08-45b8-8283-9de950c3347f,Undirected
13d21923-f9da-4015-bb75-29839cd2b2a4,36497e70-451e-4c51-b4f3-ffdf8e4b413e,Undirected
66402dcb-9bda-41d4-a3ad-a5f6550b9db4,e535ecc9-d85f-4948-8685-11bdc2d939c2,Undirected
66402dcb-9bda-41d4-a3ad-a5f6550b9db4,a0842b4a-6b42-4a45-b309-48445b58333c,Undirected
434db322-10b4-467a-897b-807c75ccb562,66402dcb-9bda-41d4-a3ad-a5f6550b9db4,Undirected
66402dcb-9bda-41d4-a3ad-a5f6550b9db4,aeff81b2-6e5c-4d1e-943f-e07b9a8cc29e,Undirected
66402dcb-9bda-41d4-a3ad-a5f6550b9db4,a6ed5358-6ad7-422e-9be6-dbc49a02586c,Undirected
0f7393dd-b355-49ce-b03a-32420686af69,66402dcb-9bda-41d4-a3ad-a5f6550b9db4,Undirected
5e20c9ed-4d14-46c6-b30b-8076c4f0e678,66402dcb-9bda-41d4-a3ad-a5f6550b9db4,Undirected
22ae2174-d74b-465d-a7b0-427a41ecedcc,66402dcb-9bda-41d4-a3ad-a5f6550b9db4,Undirected
120bab80-2c7d-410e-9bc7-8aa3e5e5665f,a5a4cfd5-d198-47f0-b807-c06d5e42ab82,Undirected
120bab80-2c7d-410e-9bc7-8aa3e5e5665f,67cff384-b6f8-4aa8-a48b-48ec72740270,Undirected
120bab80-2c7d-410e-9bc7-8aa3e5e5665f,6de80e5f-2e8b-4891-b7d9-587210be60b2,Undirected
120bab80-2c7d-410e-9bc7-8aa3e5e5665f,74a793df-6abb-47bb-8a49-52b64ac2723a,Undirected
120bab80-2c7d-410e-9bc7-8aa3e5e5665f,f18215bb-965a-4fae-a578-165ee0a948e7,Undirected
120bab80-2c7d-410e-9bc7-8aa3e5e5665f,288d8d0d-22fe-4ef7-9535-21ff5feafa5d,Undirected
120bab80-2c7d-410e-9bc7-8aa3e5e5665f,e0b200af-4b81-4f0b-8a5f-87a9e094cb42,Undirected
120bab80-2c7d-410e-9bc7-8aa3e5e5665f,a9093305-9fe0-483b-9152-220b4ba58619,Undirected
120bab80-2c7d-410e-9bc7-8aa3e5e5665f,a720be88-d4cc-4a02-8747-79abe2cd0aa7,Undirected
120bab80-2c7d-410e-9bc7-8aa3e5e5665f,5154d031-7be6-4fb5-8181-5f7e57c96a4b,Undirected
24f0414a-fb48-41ba-a32d-f8a498c6bb59,d0336c90-7275-4173-9005-de56364bf4ec,Undirected
24f0414a-fb48-41ba-a32d-f8a498c6bb59,6cbd2e2b-c869-43f2-93b3-1d3deb513196,Undirected
24f0414a-fb48-41ba-a32d-f8a498c6bb59,dde10a48-9202-4ca8-9c13-1dbf16b7a6cc,Undirected
24f0414a-fb48-41ba-a32d-f8a498c6bb59,bcd3a77c-64a6-4c03-967b-92a0f6880c44,Undirected
05800de6-c330-481c-9655-614f594d2ad1,24f0414a-fb48-41ba-a32d-f8a498c6bb59,Undirected
24f0414a-fb48-41ba-a32d-f8a498c6bb59,c7677cc2-9d61-4b8e-bfa4-43472f94acd5,Undirected
24f0414a-fb48-41ba-a32d-f8a498c6bb59,b4be7f77-bb4d-46ac-931a-1fe0f8b16a9e,Undirected
24f0414a-fb48-41ba-a32d-f8a498c6bb59,770e6be6-b2d4-41ce-b69e-ae070477d82a,Undirected
00b0f9ec-6bff-449e-98ea-50ac5129f215,24f0414a-fb48-41ba-a32d-f8a498c6bb59,Undirected
0d114321-6f8f-4ddc-ad3c-9896d16afc27,24f0414a-fb48-41ba-a32d-f8a498c6bb59,Undirected
0cfc4ff5-5cb7-486c-907f-f3935360feb7,e9f27774-9f5c-48c3-875b-9c223517fb4a,Undirected
0cfc4ff5-5cb7-486c-907f-f3935360feb7,2715230f-8dbb-4e8f-b680-6de96ba959da,Undirected
0cfc4ff5-5cb7-486c-907f-f3935360feb7,d2aebc3a-5bca-493f-ae27-cc787d05499f,Undirected
0cfc4ff5-5cb7-486c-907f-f3935360feb7,539167ba-a704-4908-b25c-d07918294598,Undirected
063e87a6-14cc-429d-859c-7ae873896ce2,0cfc4ff5-5cb7-486c-907f-f3935360feb7,Undirected
06450ed3-0b9f-49b0-b7a2-5230bfdfb82a,0cfc4ff5-5cb7-486c-907f-f3935360feb7,Undirected
0cfc4ff5-5cb7-486c-907f-f3935360feb7,1599ed89-3ecd-44b2-ba42-0765b78beeb8,Undirected
0cfc4ff5-5cb7-486c-907f-f3935360feb7,bcd3a77c-64a6-4c03-967b-92a0f6880c44,Undirected
0cfc4ff5-5cb7-486c-907f-f3935360feb7,0de409b7-e93c-41a9-b86b-be8ac677efc3,Undirected
0cfc4ff5-5cb7-486c-907f-f3935360feb7,2fd59048-e200-411b-a376-7574dee363e2,Undirected
208e92ab-42f0-44b3-8c03-5872944ce891,f69e37c2-49bf-4901-8c69-25c5789c1a64,Undirected
208e92ab-42f0-44b3-8c03-5872944ce891,43dcf53e-70b7-4fa5-ba66-49a27521fc97,Undirected
15d5edc1-3a20-4b2c-912b-e69dd8f6355d,208e92ab-42f0-44b3-8c03-5872944ce891,Undirected
208e92ab-42f0-44b3-8c03-5872944ce891,98300063-19d1-432e-a066-9e9f2869f242,Undirected
0ec4e51b-a944-4a85-be1b-7e49f52a360a,208e92ab-42f0-44b3-8c03-5872944ce891,Undirected
047c06d0-ba86-486d-9505-9b49ebfbe6e4,208e92ab-42f0-44b3-8c03-5872944ce891,Undirected
208e92ab-42f0-44b3-8c03-5872944ce891,5d39d102-e948-4bef-85ef-705b81262092,Undirected
208e92ab-42f0-44b3-8c03-5872944ce891,e787999f-46f5-4d97-9b46-11a3a9b0a2d5,Undirected
69b29ef5-ac32-4302-a563-95b9ea7f24fa,9197af6d-8e52-4392-a84b-0d39e64f428b,Undirected
62b563d2-25e6-4e32-bf46-8742025407ff,69b29ef5-ac32-4302-a563-95b9ea7f24fa,Undirected
129b26bf-46bd-43b3-b4e2-eece40c05c77,69b29ef5-ac32-4302-a563-95b9ea7f24fa,Undirected
31a6b752-291c-456f-ade5-f4b85545e6df,69b29ef5-ac32-4302-a563-95b9ea7f24fa,Undirected
69b29ef5-ac32-4302-a563-95b9ea7f24fa,a3fa6ee1-598d-4f06-a89d-ee2660eaeef3,Undirected
1111fd1f-7868-40a5-9dec-15dcd9b175a3,69b29ef5-ac32-4302-a563-95b9ea7f24fa,Undirected
69b29ef5-ac32-4302-a563-95b9ea7f24fa,dde10a48-9202-4ca8-9c13-1dbf16b7a6cc,Undirected
44e38b7b-11b1-4ada-82e2-6583c947aa34,69b29ef5-ac32-4302-a563-95b9ea7f24fa,Undirected
13194c93-89c6-4ab4-aaf2-15db5d73b74e,69b29ef5-ac32-4302-a563-95b9ea7f24fa,Undirected
24f0414a-fb48-41ba-a32d-f8a498c6bb59,69b29ef5-ac32-4302-a563-95b9ea7f24fa,Undirected
12994b02-ce90-409a-a819-9500d5d2b38e,41f12fab-79a2-4a5c-a504-0b8513de4744,Undirected
12994b02-ce90-409a-a819-9500d5d2b38e,66b1ac83-82db-43f8-abc5-0de17d3e8619,Undirected
12994b02-ce90-409a-a819-9500d5d2b38e,1fc1239e-f1a8-4943-bd20-af2bf9f06274,Undirected
12994b02-ce90-409a-a819-9500d5d2b38e,bbc597dd-dc54-4187-ab2e-9a72f046f0fd,Undirected
12994b02-ce90-409a-a819-9500d5d2b38e,87633ab2-16c5-4351-975e-035ef2ac2a4e,Undirected
12994b02-ce90-409a-a819-9500d5d2b38e,1bfa9df8-05ad-4e82-9107-74d547eaf092,Undirected
0f7a94a7-f37d-4e2a-833e-fc11094cd980,12994b02-ce90-409a-a819-9500d5d2b38e,Undirected
12994b02-ce90-409a-a819-9500d5d2b38e,1b25a1b2-c68c-4eb5-bef1-38ce5324c7b5,Undirected
12994b02-ce90-409a-a819-9500d5d2b38e,f7fb893a-4813-4c44-ae46-7fc12cf6df2b,Undirected
69538706-6845-42ea-88b8-c7e092bc3e3d,6aae980b-0d40-43a5-8f50-e7e4d1190e9d,Undirected
69538706-6845-42ea-88b8-c7e092bc3e3d,9453e7e5-9afe-4cc3-8f8c-14675fff15d4,Undirected
69538706-6845-42ea-88b8-c7e092bc3e3d,f90fa723-9d8f-4260-9e03-34778e0ea7d1,Undirected
020a3ff4-7fcf-4bc8-b00d-338a290deb8d,69538706-6845-42ea-88b8-c7e092bc3e3d,Undirected
69538706-6845-42ea-88b8-c7e092bc3e3d,e2e73025-490f-43a6-a4c1-84a695041b0c,Undirected
69538706-6845-42ea-88b8-c7e092bc3e3d,73579cc7-6c2e-4f24-9762-92f94e15c836,Undirected
69538706-6845-42ea-88b8-c7e092bc3e3d,8c5bd335-7c3d-4d35-a188-f79309b54571,Undirected
3641d4c2-9a6a-4788-b0db-11046ded84ef,69538706-6845-42ea-88b8-c7e092bc3e3d,Undirected
1e9fa7a6-e5d8-4df8-be79-c5978d37f55a,69538706-6845-42ea-88b8-c7e092bc3e3d,Undirected
69538706-6845-42ea-88b8-c7e092bc3e3d,a6ed5358-6ad7-422e-9be6-dbc49a02586c,Undirected
828cdb5a-353a-404c-b059-cbf61829918a,8408c60c-7685-4953-8f50-2154c409d920,Undirected
67f968be-548f-498c-8606-ca9f190de7a5,828cdb5a-353a-404c-b059-cbf61829918a,Undirected
0efb98df-0b2d-45ca-ad72-182aa7af4f0d,828cdb5a-353a-404c-b059-cbf61829918a,Undirected
0b76284e-1184-4a86-b299-d604a4a03f15,828cdb5a-353a-404c-b059-cbf61829918a,Undirected
32403252-5b1f-420f-b3e5-5fd714d2af52,828cdb5a-353a-404c-b059-cbf61829918a,Undirected
6f18aab1-e92f-4a1d-b744-547d1fe2bdcd,828cdb5a-353a-404c-b059-cbf61829918a,Undirected
682113bb-a52c-4bc9-a3ee-43c67cbf55f7,828cdb5a-353a-404c-b059-cbf61829918a,Undirected
0118d2c3-ec15-470e-b22d-4ae0134bd46e,828cdb5a-353a-404c-b059-cbf61829918a,Undirected
80379ac8-7094-4a3b-9ddb-c0548dd83050,828cdb5a-353a-404c-b059-cbf61829918a,Undirected
305c4cb3-0ceb-4dd7-b3ab-6a227294e478,3805b6a9-291c-4315-bca0-0b96c01c7ef7,Undirected
3805b6a9-291c-4315-bca0-0b96c01c7ef7,a14f852b-542f-489a-9234-d990ae32ce48,Undirected
2bd5e46d-edf5-4a34-84bb-913806676736,3805b6a9-291c-4315-bca0-0b96c01c7ef7,Undirected
3805b6a9-291c-4315-bca0-0b96c01c7ef7,ac244104-27f1-45c2-85c7-66229f30f11b,Undirected
3805b6a9-291c-4315-bca0-0b96c01c7ef7,8587d745-92a6-4882-b3c3-0f7308ac627a,Undirected
35143c2f-0484-44e2-bf27-7baa7ca5e135,3805b6a9-291c-4315-bca0-0b96c01c7ef7,Undirected
0088e5ea-5540-4685-849e-1e40fa624c8c,3805b6a9-291c-4315-bca0-0b96c01c7ef7,Undirected
1fe9cded-3b48-48d4-bfc4-b07c269c63a1,3805b6a9-291c-4315-bca0-0b96c01c7ef7,Undirected
bf2d8750-7396-4f6f-9703-23522d60274c,e0b200af-4b81-4f0b-8a5f-87a9e094cb42,Undirected
71b5fe44-6f8d-4a78-9919-5e27c049fc52,e0b200af-4b81-4f0b-8a5f-87a9e094cb42,Undirected
74a793df-6abb-47bb-8a49-52b64ac2723a,e0b200af-4b81-4f0b-8a5f-87a9e094cb42,Undirected
c5942b89-3845-4585-a376-fd760e772fdf,e0b200af-4b81-4f0b-8a5f-87a9e094cb42,Undirected
e0b200af-4b81-4f0b-8a5f-87a9e094cb42,e93ce7d7-f3f7-4df2-8d91-7bc06884ef01,Undirected
83b869e0-5769-486e-be3f-12850efea087,e0b200af-4b81-4f0b-8a5f-87a9e094cb42,Undirected
005fb1c4-5164-4ca2-a394-5a8193a1397d,e0b200af-4b81-4f0b-8a5f-87a9e094cb42,Undirected
01b752d5-b3d6-4abe-83ae-9193ff9c0aa9,e0b200af-4b81-4f0b-8a5f-87a9e094cb42,Undirected
e0b200af-4b81-4f0b-8a5f-87a9e094cb42,f18215bb-965a-4fae-a578-165ee0a948e7,Undirected
cfe5245b-7813-421b-b380-264918db4222,e0b200af-4b81-4f0b-8a5f-87a9e094cb42,Undirected
05e41a83-8b64-42ea-b92f-0b3cb57c9762,6e0eb323-251d-492c-8dd1-10c3b808266c,Undirected
13d21923-f9da-4015-bb75-29839cd2b2a4,6e0eb323-251d-492c-8dd1-10c3b808266c,Undirected
6e0eb323-251d-492c-8dd1-10c3b808266c,79ce78a3-eb08-45b8-8283-9de950c3347f,Undirected
219ab499-9531-4d94-b60e-62e2dcb80d8d,6e0eb323-251d-492c-8dd1-10c3b808266c,Undirected
037427b3-f5ae-494d-9028-1f2c1d2be5b7,6e0eb323-251d-492c-8dd1-10c3b808266c,Undirected
2014003a-1005-459c-bbb4-3f019588e03e,6e0eb323-251d-492c-8dd1-10c3b808266c,Undirected
6e0eb323-251d-492c-8dd1-10c3b808266c,de9a5376-a45b-4255-8e82-031ce6728e87,Undirected
6e0eb323-251d-492c-8dd1-10c3b808266c,bdd50115-7b4f-452e-9835-c70efb1403fe,Undirected
0118d2c3-ec15-470e-b22d-4ae0134bd46e,6e0eb323-251d-492c-8dd1-10c3b808266c,Undirected
07bb293b-0246-4443-ae0b-893238193ff1,6e0eb323-251d-492c-8dd1-10c3b808266c,Undirected
01b752d5-b3d6-4abe-83ae-9193ff9c0aa9,e6fb80b5-e7ee-410b-8a80-15c619736177,Undirected
01b752d5-b3d6-4abe-83ae-9193ff9c0aa9,034dcaa7-66a7-4341-a273-8249c0d0dfb9,Undirected
002c9787-fadd-4bb7-86ff-2787a0f366f8,01b752d5-b3d6-4abe-83ae-9193ff9c0aa9,Undirected
01b752d5-b3d6-4abe-83ae-9193ff9c0aa9,f18215bb-965a-4fae-a578-165ee0a948e7,Undirected
01b752d5-b3d6-4abe-83ae-9193ff9c0aa9,cfe5245b-7813-421b-b380-264918db4222,Undirected
01b752d5-b3d6-4abe-83ae-9193ff9c0aa9,0c211e60-980a-46b6-a932-706e6b1a9cd3,Undirected
01b752d5-b3d6-4abe-83ae-9193ff9c0aa9,773bfc6a-3969-4637-9915-92b4eae7ebf5,Undirected
01957cbf-0929-43cd-aeab-dff97da1f2f8,01b752d5-b3d6-4abe-83ae-9193ff9c0aa9,Undirected
01b752d5-b3d6-4abe-83ae-9193ff9c0aa9,1ec2a253-882a-401c-966a-24e889763b7d,Undirected
01b752d5-b3d6-4abe-83ae-9193ff9c0aa9,0398acc1-ffdd-40c5-9443-dacae38fc15f,Undirected
9705d5d9-d6c1-4cbe-bd3e-0c2601b3751a,f32f14a5-b701-4e97-9527-951289b55792,Undirected
9705d5d9-d6c1-4cbe-bd3e-0c2601b3751a,f62b6ad9-c0b1-42e5-bc8b-83be67d66789,Undirected
143c6b5f-f3c4-4da5-9b7c-1e67426d4e56,9705d5d9-d6c1-4cbe-bd3e-0c2601b3751a,Undirected
0836ad5c-0cd8-4928-aefa-2175a5909c89,9705d5d9-d6c1-4cbe-bd3e-0c2601b3751a,Undirected
0e447c89-077b-49c7-a493-e5477348763a,9705d5d9-d6c1-4cbe-bd3e-0c2601b3751a,Undirected
16a45c0e-9bb9-4161-8d03-45dc3ffdb459,9705d5d9-d6c1-4cbe-bd3e-0c2601b3751a,Undirected
6e0eb323-251d-492c-8dd1-10c3b808266c,9705d5d9-d6c1-4cbe-bd3e-0c2601b3751a,Undirected
13d21923-f9da-4015-bb75-29839cd2b2a4,9705d5d9-d6c1-4cbe-bd3e-0c2601b3751a,Undirected
74574855-25f8-47a2-8fc3-c981267a82d6,9705d5d9-d6c1-4cbe-bd3e-0c2601b3751a,Undirected
31dcd48a-2495-4454-b095-af3c1989c992,92b48e65-78e5-4d18-b730-e960b99b43d3,Undirected
31dcd48a-2495-4454-b095-af3c1989c992,4eb3872b-e180-4be1-8911-6f7cd8007ab1,Undirected
163735da-7d15-40c6-af4f-ee08350ca06d,31dcd48a-2495-4454-b095-af3c1989c992,Undirected
2c84159f-a96d-4aac-8c3d-60b77139828e,31dcd48a-2495-4454-b095-af3c1989c992,Undirected
2e5ba5f2-c5cc-4832-b073-654f571f658f,31dcd48a-2495-4454-b095-af3c1989c992,Undirected
31dcd48a-2495-4454-b095-af3c1989c992,b5323614-195e-43d2-98fb-17f691f8b80d,Undirected
31dcd48a-2495-4454-b095-af3c1989c992,d035f78c-17e7-439c-9b47-df9a0d880647,Undirected
31dcd48a-2495-4454-b095-af3c1989c992,e3fd9b66-b660-4460-8e1f-44282136bf5c,Undirected
31dcd48a-2495-4454-b095-af3c1989c992,b4be7f77-bb4d-46ac-931a-1fe0f8b16a9e,Undirected
092e42a4-c8f5-4837-9663-8a50405a3896,31dcd48a-2495-4454-b095-af3c1989c992,Undirected
3877733d-04b2-48db-ba72-fd7b0d6806ed,b0d283a0-c113-4b57-962d-94960264af6e,Undirected
b0d283a0-c113-4b57-962d-94960264af6e,fc5968a2-9980-4ec8-b4dd-cb0a81c4d480,Undirected
3a5200f0-d498-482b-a1f6-6aba71e2b111,b0d283a0-c113-4b57-962d-94960264af6e,Undirected
453b5d76-640c-4e20-808e-c411f6179b50,b0d283a0-c113-4b57-962d-94960264af6e,Undirected
0c9d85d2-0666-4471-9842-d5a346523f73,b0d283a0-c113-4b57-962d-94960264af6e,Undirected
b0d283a0-c113-4b57-962d-94960264af6e,be41e1f0-3939-4615-acb0-e5edd04cdb6a,Undirected
33c1e136-a784-47a3-9635-39549a42812f,b0d283a0-c113-4b57-962d-94960264af6e,Undirected
1e9fa7a6-e5d8-4df8-be79-c5978d37f55a,b0d283a0-c113-4b57-962d-94960264af6e,Undirected
35143c2f-0484-44e2-bf27-7baa7ca5e135,b0d283a0-c113-4b57-962d-94960264af6e,Undirected
8587d745-92a6-4882-b3c3-0f7308ac627a,b0d283a0-c113-4b57-962d-94960264af6e,Undirected
03a3fe4b-7983-4d15-bdc7-e0e1760ca5f3,163735da-7d15-40c6-af4f-ee08350ca06d,Undirected
163735da-7d15-40c6-af4f-ee08350ca06d,7ad4e0db-96cd-41cf-9d19-ded41cd5cc77,Undirected
163735da-7d15-40c6-af4f-ee08350ca06d,b5323614-195e-43d2-98fb-17f691f8b80d,Undirected
163735da-7d15-40c6-af4f-ee08350ca06d,344fd45c-4d5d-4caa-8e45-f5690af59238,Undirected
163735da-7d15-40c6-af4f-ee08350ca06d,8cfbc3f7-99e5-4c16-b360-149f46736944,Undirected
163735da-7d15-40c6-af4f-ee08350ca06d,f69b39a6-8063-43a2-a604-52a2567c3878,Undirected
1599ed89-3ecd-44b2-ba42-0765b78beeb8,163735da-7d15-40c6-af4f-ee08350ca06d,Undirected
0cf94206-a008-4952-8118-29c4044bdbc0,163735da-7d15-40c6-af4f-ee08350ca06d,Undirected
0836ad5c-0cd8-4928-aefa-2175a5909c89,f62b6ad9-c0b1-42e5-bc8b-83be67d66789,Undirected
03a61094-ed0a-48df-88c5-f5bbc0cdff93,f62b6ad9-c0b1-42e5-bc8b-83be67d66789,Undirected
0e447c89-077b-49c7-a493-e5477348763a,f62b6ad9-c0b1-42e5-bc8b-83be67d66789,Undirected
3dec0caf-2a0e-47fe-b845-37ebc6773f0a,f62b6ad9-c0b1-42e5-bc8b-83be67d66789,Undirected
16a45c0e-9bb9-4161-8d03-45dc3ffdb459,f62b6ad9-c0b1-42e5-bc8b-83be67d66789,Undirected
d78b6ad1-dc18-411b-9674-5ed2173a6d8e,f62b6ad9-c0b1-42e5-bc8b-83be67d66789,Undirected
3a1cd0fb-7fc3-4095-9e78-e4ed58b11eae,f62b6ad9-c0b1-42e5-bc8b-83be67d66789,Undirected
382d8698-412d-4545-b162-30a30c5258e8,f62b6ad9-c0b1-42e5-bc8b-83be67d66789,Undirected
434df0b1-3461-4f36-b2b7-c78bb3b02af3,54372710-58e2-4924-991f-c7c6c14061d9,Undirected
434df0b1-3461-4f36-b2b7-c78bb3b02af3,691042e6-71ae-4fdd-aba9-f1b40b6230e3,Undirected
434df0b1-3461-4f36-b2b7-c78bb3b02af3,4988f79d-2945-471d-b238-79f04949ed34,Undirected
434df0b1-3461-4f36-b2b7-c78bb3b02af3,6833643a-b2cd-4685-bc0f-e4d713750bf7,Undirected
434df0b1-3461-4f36-b2b7-c78bb3b02af3,79ae7638-afcd-4b94-ac52-37eb33aeefc3,Undirected
434df0b1-3461-4f36-b2b7-c78bb3b02af3,66e342f1-ca85-4576-807d-8e3857d4f142,Undirected
434df0b1-3461-4f36-b2b7-c78bb3b02af3,82822f34-826d-4316-a8f0-d48a96067009,Undirected
434df0b1-3461-4f36-b2b7-c78bb3b02af3,78da678d-6964-4780-b175-651ae2108257,Undirected
31a6b752-291c-456f-ade5-f4b85545e6df,434df0b1-3461-4f36-b2b7-c78bb3b02af3,Undirected
2b4576d5-5719-4bfe-aa8f-18174eb0b5d5,434df0b1-3461-4f36-b2b7-c78bb3b02af3,Undirected
1463754c-844e-478e-aec4-41de2719e98f,a5c404e8-ff4e-420a-9df7-bb025675bc2d,Undirected
2c2a77de-053f-4054-989a-eba8d5090104,a5c404e8-ff4e-420a-9df7-bb025675bc2d,Undirected
367403ec-8ef5-48cc-8bf2-c04e01e90340,a5c404e8-ff4e-420a-9df7-bb025675bc2d,Undirected
92458319-5c62-4e9e-b803-1cbca865117f,a5c404e8-ff4e-420a-9df7-bb025675bc2d,Undirected
0b364cff-7428-4ac1-882b-b61b60ba2794,a5c404e8-ff4e-420a-9df7-bb025675bc2d,Undirected
a5c404e8-ff4e-420a-9df7-bb025675bc2d,e4a55be3-8a90-45f4-b222-8f6d2fadc3dd,Undirected
3805b6a9-291c-4315-bca0-0b96c01c7ef7,a5c404e8-ff4e-420a-9df7-bb025675bc2d,Undirected
6d6a6a10-7206-41ed-9a84-74bb53ebce49,a5c404e8-ff4e-420a-9df7-bb025675bc2d,Undirected
0b0bb002-8b52-4ceb-bc67-e4c622f4d5d8,6a7e4552-ed19-4513-9586-e949c486ec9f,Undirected
073856b6-c9f7-4cea-a6eb-e65649d8c95e,6a7e4552-ed19-4513-9586-e949c486ec9f,Undirected
063e87a6-14cc-429d-859c-7ae873896ce2,6a7e4552-ed19-4513-9586-e949c486ec9f,Undirected
6a7e4552-ed19-4513-9586-e949c486ec9f,ea41aa0b-d604-437c-b31d-a442981a9e3f,Undirected
166b84d6-a912-4534-8de9-248364331c1c,6a7e4552-ed19-4513-9586-e949c486ec9f,Undirected
5d39d102-e948-4bef-85ef-705b81262092,6a7e4552-ed19-4513-9586-e949c486ec9f,Undirected
682b7f3d-7f17-4d6d-bc9c-fab343e48cc1,6a7e4552-ed19-4513-9586-e949c486ec9f,Undirected
59578323-598d-4ae0-af1d-9a73eae7ddfd,6a7e4552-ed19-4513-9586-e949c486ec9f,Undirected
0118d2c3-ec15-470e-b22d-4ae0134bd46e,6a7e4552-ed19-4513-9586-e949c486ec9f,Undirected
520b07d4-eda4-48e3-a5a5-7e2c28cb92a4,b5323614-195e-43d2-98fb-17f691f8b80d,Undirected
37ab95cc-a8e0-464e-b57e-26be822ab356,b5323614-195e-43d2-98fb-17f691f8b80d,Undirected
092e42a4-c8f5-4837-9663-8a50405a3896,b5323614-195e-43d2-98fb-17f691f8b80d,Undirected
b5323614-195e-43d2-98fb-17f691f8b80d,c4ca96b5-cae3-4c1a-b90b-d93bc24a6351,Undirected
344fd45c-4d5d-4caa-8e45-f5690af59238,b5323614-195e-43d2-98fb-17f691f8b80d,Undirected
4988f79d-2945-471d-b238-79f04949ed34,b5323614-195e-43d2-98fb-17f691f8b80d,Undirected
b5323614-195e-43d2-98fb-17f691f8b80d,efed0d66-4e63-4185-bccf-5979c464c0f6,Undirected
b5323614-195e-43d2-98fb-17f691f8b80d,df3c524b-28ab-4165-8257-eb1baecfa6df,Undirected
18587a60-bdd6-45bd-8a8c-156bcfa1d7c9,b5323614-195e-43d2-98fb-17f691f8b80d,Undirected
59cd7586-f768-4ae1-9bed-c17bce2dea9d,ce922548-f53a-4e4d-97c3-4c7afecbfcd6,Undirected
14c76b33-3098-4f96-a8de-a85227bbda74,59cd7586-f768-4ae1-9bed-c17bce2dea9d,Undirected
21a17652-d4c5-4403-bff4-2715e7c60022,59cd7586-f768-4ae1-9bed-c17bce2dea9d,Undirected
047050b7-cacf-4d2a-8bd1-50dae6db9d01,59cd7586-f768-4ae1-9bed-c17bce2dea9d,Undirected
0c9d85d2-0666-4471-9842-d5a346523f73,59cd7586-f768-4ae1-9bed-c17bce2dea9d,Undirected
26918716-9365-4f4a-991f-241ffc350628,59cd7586-f768-4ae1-9bed-c17bce2dea9d,Undirected
575d4e21-9d41-43e3-a001-1df583de26fa,59cd7586-f768-4ae1-9bed-c17bce2dea9d,Undirected
032658ec-a0cb-479b-af00-33bdf275b8e6,043059a4-3b6c-4e55-9d7d-9331cc437095,Undirected
032658ec-a0cb-479b-af00-33bdf275b8e6,9f5bac56-1521-4d43-8552-7579fd122f46,Undirected
032658ec-a0cb-479b-af00-33bdf275b8e6,0efb98df-0b2d-45ca-ad72-182aa7af4f0d,Undirected
032658ec-a0cb-479b-af00-33bdf275b8e6,fa9c2240-9c9e-4d7a-a24a-cc1807ad2a10,Undirected
032658ec-a0cb-479b-af00-33bdf275b8e6,07a7fc00-eb3b-418b-bbd4-60ed4a0aaacf,Undirected
032658ec-a0cb-479b-af00-33bdf275b8e6,256c5c12-fb16-4599-9576-c5a57fb2e579,Undirected
032658ec-a0cb-479b-af00-33bdf275b8e6,82f3c61a-3c15-4943-8c76-ed1e230262c7,Undirected
032658ec-a0cb-479b-af00-33bdf275b8e6,13194c93-89c6-4ab4-aaf2-15db5d73b74e,Undirected
032658ec-a0cb-479b-af00-33bdf275b8e6,65d1cc1d-c33d-4b4c-99c7-bb9d3f0c4ab7,Undirected
0118d2c3-ec15-470e-b22d-4ae0134bd46e,032658ec-a0cb-479b-af00-33bdf275b8e6,Undirected
4e2edf87-5df7-42ae-8907-5e9072f0f817,6c4dc807-4073-4b0a-88e1-1cf6cb993413,Undirected
6c4dc807-4073-4b0a-88e1-1cf6cb993413,770e6be6-b2d4-41ce-b69e-ae070477d82a,Undirected
1795a939-37ef-479b-a6e7-5586de34f5c4,6c4dc807-4073-4b0a-88e1-1cf6cb993413,Undirected
6c4dc807-4073-4b0a-88e1-1cf6cb993413,887e2b96-aeed-4c41-8127-4709c8a1b066,Undirected
374a7a48-3eef-4897-884e-c1d690662b6a,6c4dc807-4073-4b0a-88e1-1cf6cb993413,Undirected
6c4dc807-4073-4b0a-88e1-1cf6cb993413,87148f86-c85e-448d-8828-a0a6ac6b6b80,Undirected
6c4dc807-4073-4b0a-88e1-1cf6cb993413,a5fb766a-1bde-4f29-8e21-536b2b574986,Undirected
6833643a-b2cd-4685-bc0f-e4d713750bf7,6c4dc807-4073-4b0a-88e1-1cf6cb993413,Undirected
6c4dc807-4073-4b0a-88e1-1cf6cb993413,f385a3b8-a59f-467b-8d69-2aefe286f873,Undirected
0398acc1-ffdd-40c5-9443-dacae38fc15f,2ce46ecf-2dec-4a9e-96dd-93963ea3b1bd,Undirected
0398acc1-ffdd-40c5-9443-dacae38fc15f,2676a4ec-e813-4521-9ac2-4158eb98e386,Undirected
0398acc1-ffdd-40c5-9443-dacae38fc15f,2230fbba-5ceb-4c1c-b2f7-82ed92c5f2d9,Undirected
01f0771a-afae-4560-84e1-8b41551ebaa0,0398acc1-ffdd-40c5-9443-dacae38fc15f,Undirected
0398acc1-ffdd-40c5-9443-dacae38fc15f,27d8e7e9-011d-4207-89b4-61628f3623cd,Undirected
0398acc1-ffdd-40c5-9443-dacae38fc15f,773bfc6a-3969-4637-9915-92b4eae7ebf5,Undirected
0238ea6f-08f8-4a08-b7c6-cbae96b7e73b,0398acc1-ffdd-40c5-9443-dacae38fc15f,Undirected
0398acc1-ffdd-40c5-9443-dacae38fc15f,d9d58427-9b6c-4e2c-babb-114d8fc35034,Undirected
02c4e065-0702-4fd6-a2c5-61544abb4fe8,0398acc1-ffdd-40c5-9443-dacae38fc15f,Undirected
01b13dbc-416e-4c71-84e2-cfe2875c296a,f69e37c2-49bf-4901-8c69-25c5789c1a64,Undirected
01b13dbc-416e-4c71-84e2-cfe2875c296a,a7d582b1-9749-49f7-8179-477dd6a3d6a0,Undirected
0118d2c3-ec15-470e-b22d-4ae0134bd46e,01b13dbc-416e-4c71-84e2-cfe2875c296a,Undirected
01b13dbc-416e-4c71-84e2-cfe2875c296a,037427b3-f5ae-494d-9028-1f2c1d2be5b7,Undirected
01b13dbc-416e-4c71-84e2-cfe2875c296a,e014c0d8-ef43-4a74-bb8b-ee5b0e67749d,Undirected
01b13dbc-416e-4c71-84e2-cfe2875c296a,154c3fa1-96b1-4fbb-9b0b-2a0ea4bd6166,Undirected
01b13dbc-416e-4c71-84e2-cfe2875c296a,15d5edc1-3a20-4b2c-912b-e69dd8f6355d,Undirected
01b13dbc-416e-4c71-84e2-cfe2875c296a,e787999f-46f5-4d97-9b46-11a3a9b0a2d5,Undirected
01b13dbc-416e-4c71-84e2-cfe2875c296a,047c06d0-ba86-486d-9505-9b49ebfbe6e4,Undirected
01b13dbc-416e-4c71-84e2-cfe2875c296a,0ec4e51b-a944-4a85-be1b-7e49f52a360a,Undirected
2a79725a-06d2-4d45-b222-3d09ac4d7c8b,7e9749da-3c2f-42b3-a285-e66841924a79,Undirected
7e9749da-3c2f-42b3-a285-e66841924a79,c54734b9-984f-48d3-be19-dd91620e4553,Undirected
7e9749da-3c2f-42b3-a285-e66841924a79,f90fa723-9d8f-4260-9e03-34778e0ea7d1,Undirected
35143c2f-0484-44e2-bf27-7baa7ca5e135,7e9749da-3c2f-42b3-a285-e66841924a79,Undirected
307e8e3a-1910-4ccd-a25e-38f14ff750cf,7e9749da-3c2f-42b3-a285-e66841924a79,Undirected
617dfc80-eb78-4f54-bdc2-39412dacd7b3,7e9749da-3c2f-42b3-a285-e66841924a79,Undirected
0f7393dd-b355-49ce-b03a-32420686af69,7e9749da-3c2f-42b3-a285-e66841924a79,Undirected
6833643a-b2cd-4685-bc0f-e4d713750bf7,7e9749da-3c2f-42b3-a285-e66841924a79,Undirected
18c5d24e-404f-454a-b3f2-5eb6769bc3fe,7e9749da-3c2f-42b3-a285-e66841924a79,Undirected
